time,latitude,longitude,depth,mag,magType,nst,gap,dmin,rms,net,id,updated,place,type,horizontalError,depthError,magError,magNst,status,locationSource,magSource
2016-03-14T23:25:40.090Z,-52.64,18.8566,10,5.8,mwp,,28,20.298,0.73,us,us10004xmh,2016-03-14T23:46:41.032Z,"Southwest of Africa",earthquake,9.3,1.8,0.06,28,reviewed,us,us
2016-03-14T23:11:15.730Z,26.5636,128.9514,18.28,4.6,mb,,66,0.665,0.94,us,us10004xmg,2016-03-14T23:35:56.459Z,"97km E of Nago, Japan",earthquake,5.5,3.6,0.085,41,reviewed,us,us
2016-03-14T21:50:27.790Z,53.2126,159.7195,66.43,4.5,mb,,114,0.672,0.86,us,us10004xlw,2016-03-14T22:27:33.540Z,"74km ENE of Petropavlovsk-Kamchatskiy, Russia",earthquake,9.4,6.2,0.051,115,reviewed,us,us
2016-03-14T15:39:29.750Z,-16.0276,-172.8265,10,5.1,mb,,82,2.337,1.2,us,us10004xfy,2016-03-14T23:42:13.858Z,"99km E of Hihifo, Tonga",earthquake,8,1.8,0.08,51,reviewed,us,us
2016-03-14T15:28:24.000Z,-20.9,-68.923,103.3,4.6,mb,,,,0.9,us,us10004xfn,2016-03-14T23:31:02.510Z,"147km ESE of Iquique, Chile",earthquake,2.9,5,0.075,53,reviewed,guc,us
2016-03-14T11:52:11.500Z,-19.8036,-174.9112,134.8,4.7,mb,,95,4.758,0.51,us,us10004xdp,2016-03-14T19:54:56.413Z,"58km W of Pangai, Tonga",earthquake,9.5,8.9,0.127,19,reviewed,us,us
2016-03-14T07:26:43.210Z,-56.4395,-27.0963,103.85,5.7,mb,,59,5.775,1.11,us,us10004xbl,2016-03-14T17:03:05.000Z,"29km NNE of Visokoi Island, South Georgia and the South Sandwich Islands",earthquake,9.4,5.3,0.045,172,reviewed,us,us
2016-03-14T07:03:17.420Z,29.8487,128.9816,207.49,5.5,mb,,15,2.084,0.99,us,us10004xbb,2016-03-14T15:37:42.040Z,"171km NNW of Naze, Japan",earthquake,7.2,5,0.027,490,reviewed,us,us
2016-03-14T04:23:18.490Z,-26.032,-70.8692,35.36,4.7,mb,,140,0.269,0.71,us,us10004xal,2016-03-14T12:25:48.641Z,"80km SSW of Taltal, Chile",earthquake,5.3,7.3,0.073,57,reviewed,us,us
2016-03-13T18:52:05.150Z,12.2147,144.5168,36.18,4.5,mb,,153,1.408,0.32,us,us10004x89,2016-03-14T02:54:35.376Z,"117km S of Merizo Village, Guam",earthquake,13.2,9.2,0.113,23,reviewed,us,us
2016-03-13T18:42:53.390Z,53.9636,158.6398,159.45,4.7,mb,,91,0.942,0.77,us,us10004x88,2016-03-14T02:45:24.447Z,"88km N of Yelizovo, Russia",earthquake,9.7,5.4,0.051,118,reviewed,us,us
2016-03-13T15:20:16.510Z,1.0846,126.2722,9.28,5.3,mb,,34,1.137,0.6,us,us10004x7j,2016-03-13T23:22:46.283Z,"126km WNW of Kota Ternate, Indonesia",earthquake,7.6,3.5,0.042,189,reviewed,us,us
2016-03-13T14:18:46.030Z,51.6239,-173.8284,10,4.6,mb,,142,1.462,0.71,us,us10004x7d,2016-03-13T22:21:24.284Z,"68km SSE of Atka, Alaska",earthquake,8.9,1.9,0.04,181,reviewed,us,us
2016-03-13T13:17:48.980Z,3.5334,-74.4542,50.6,4.5,mb,,99,1.309,1.2,us,us10004x75,2016-03-13T21:20:31.894Z,"42km ENE of Colombia, Colombia",earthquake,6.6,7.9,0.091,35,reviewed,us,us
2016-03-13T05:51:20.130Z,14.4945,123.1124,46.94,4.7,mb,,106,9.015,0.74,us,us10004x5n,2016-03-13T13:53:57.032Z,"37km NE of Sabang Indan, Philippines",earthquake,6.5,7.4,0.085,42,reviewed,us,us
2016-03-13T05:50:09.670Z,-23.9141,-179.9363,526.78,4.7,mb,,108,6.419,0.86,us,us10004x5m,2016-03-13T13:52:48.794Z,"South of the Fiji Islands",earthquake,12.1,5,0.097,32,reviewed,us,us
2016-03-13T04:19:25.670Z,51.5496,-173.9207,10,5.4,mb,,129,1.435,1.18,us,us10004x57,2016-03-14T01:56:21.000Z,"74km SSE of Atka, Alaska",earthquake,7.9,1.9,0.026,580,reviewed,us,us
2016-03-13T03:20:03.430Z,51.6732,-174.1524,10,5,mb,,139,1.255,1.17,us,us10004x4s,2016-03-13T11:22:42.982Z,"58km S of Atka, Alaska",earthquake,8.2,1.9,0.029,379,reviewed,us,us
2016-03-13T02:28:47.350Z,51.4578,-174.0517,10,4.6,mb,,190,1.401,0.81,us,us10004x4k,2016-03-13T10:31:15.426Z,"82km S of Atka, Alaska",earthquake,5.1,1.9,0.044,153,reviewed,us,us
2016-03-12T21:57:55.000Z,60.2518,-152.3118,99,4.9,ml,,,,0.77,ak,ak12970112,2016-03-14T18:28:07.536Z,"35km SE of Redoubt Volcano, Alaska",earthquake,0.3,0.4,,,reviewed,ak,ak
2016-03-12T18:06:46.070Z,51.6239,-174.0048,22.35,6.3,mww,,54,1.359,1.11,us,us10004x1w,2016-03-13T05:32:52.205Z,"65km SSE of Atka, Alaska",earthquake,6.5,4.5,,,reviewed,us,us
2016-03-12T18:01:05.120Z,52.0268,-174.2022,36.72,4.6,mb,,181,1.149,1.25,us,us10004x1u,2016-03-13T05:15:40.988Z,"18km S of Atka, Alaska",earthquake,3.5,7.6,0.042,167,reviewed,us,us
2016-03-12T16:05:14.140Z,-30.2439,-71.7062,30.17,5.2,mb,,137,0.432,1.15,us,us10004x18,2016-03-12T18:10:32.040Z,"47km SW of Coquimbo, Chile",earthquake,4.6,4.8,0.09,41,reviewed,us,us
2016-03-12T15:17:11.850Z,35.6249,-3.6007,10,5.2,mb,,91,2.271,0.76,us,us10004x0y,2016-03-13T15:50:29.973Z,"51km NE of Al Hoceima, Morocco",earthquake,8.5,1.9,0.074,60,reviewed,us,us
2016-03-12T15:04:04.850Z,35.579,-3.5544,10,5.2,mb,,98,2.324,0.93,us,us10004x0u,2016-03-12T18:33:54.663Z,"47km N of Boudinar, Morocco",earthquake,6.3,1.9,0.074,60,reviewed,us,us
2016-03-12T13:23:39.230Z,51.3888,-173.8826,17.98,5.4,mwb,,93,1.527,1.35,us,us10004x0f,2016-03-13T03:56:43.000Z,"92km SSE of Atka, Alaska",earthquake,6.5,2.7,0.041,56,reviewed,us,us
2016-03-12T12:40:41.580Z,35.3157,23.5123,21.2,4.7,mb,,105,1.127,1.11,us,us10004x09,2016-03-12T15:27:54.152Z,"18km WNW of Palaiochora, Greece",earthquake,4.3,4.9,0.064,75,reviewed,us,us
2016-03-12T11:55:51.980Z,51.4857,-174.0893,33.75,4.6,mb,,189,1.367,1.16,us,us10004wzx,2016-03-12T19:58:35.240Z,"79km S of Atka, Alaska",earthquake,9.4,6.7,0.045,143,reviewed,us,us
2016-03-12T04:25:58.740Z,-7.8731,125.7848,10,5,mb,,55,3.591,1.02,us,us10004wyc,2016-03-12T12:28:30.795Z,"79km NNE of Dili, East Timor",earthquake,4.4,1.9,0.077,57,reviewed,us,us
2016-03-12T04:00:27.300Z,18.1737,120.277,10,5.6,mwp,,46,4.681,0.85,us,us10004wy7,2016-03-13T03:56:41.000Z,"24km WNW of Callaguip, Philippines",earthquake,7.8,1.8,,,reviewed,us,us
2016-03-12T03:38:20.330Z,-7.817,125.8231,10,4.5,mb,,83,3.641,0.51,us,us10004wy4,2016-03-12T11:40:54.144Z,"86km NNE of Dili, East Timor",earthquake,5.5,1.9,0.135,16,reviewed,us,us
2016-03-12T03:14:11.570Z,34.9572,111.2483,10,4.8,mb,,70,13.272,0.69,us,us10004wxy,2016-03-12T04:40:44.758Z,"13km NNE of Shengrenjian, China",earthquake,11.8,1.9,0.066,70,reviewed,us,us
2016-03-12T00:24:07.480Z,32.1759,141.8829,24.68,4.6,mb,,130,1.981,0.8,us,us10004wx7,2016-03-12T08:26:38.125Z,"219km ESE of Hachijo-jima, Japan",earthquake,8.3,5.4,0.074,54,reviewed,us,us
2016-03-11T22:41:31.610Z,15.0186,-94.631,44.56,4.7,mb,,143,2.711,0.88,us,us10004ww3,2016-03-12T02:47:01.024Z,"134km S of San Francisco del Mar, Mexico",earthquake,9.1,3,0.033,282,reviewed,us,us
2016-03-11T21:56:29.890Z,-15.1082,-172.7073,20.59,5.3,mb,,64,1.493,1.85,us,us10004wvq,2016-03-11T22:23:22.210Z,"145km NE of Hihifo, Tonga",earthquake,7.6,2.9,0.036,257,reviewed,us,us
2016-03-11T20:33:03.830Z,15.4411,-94.3343,53.4,4.5,mb,,166,2.274,0.94,us,us10004wv0,2016-03-12T17:04:31.156Z,"82km SW of Paredon, Mexico",earthquake,9,13.9,0.057,89,reviewed,us,us
2016-03-11T10:58:10.790Z,-22.4813,-179.6104,551.97,4.8,mb,,40,5.198,0.93,us,us10004wqj,2016-03-11T19:00:47.724Z,"223km SSW of Ndoi Island, Fiji",earthquake,10.9,6.8,0.053,111,reviewed,us,us
2016-03-11T10:58:10.110Z,-7.7436,125.8964,35,4.6,mb,,55,3.728,1.08,us,us10004wqn,2016-03-11T19:00:52.134Z,"96km NNE of Dili, East Timor",earthquake,10.5,2,0.125,19,reviewed,us,us
2016-03-11T07:02:17.020Z,-23.1323,-68.7234,78.99,4.8,mb,,62,0.545,1.46,us,us10004wph,2016-03-11T07:45:12.545Z,"57km WSW of San Pedro de Atacama, Chile",earthquake,7.2,3,0.042,179,reviewed,us,us
2016-03-11T04:23:08.780Z,-3.9364,152.2662,199.23,4.6,mb,,29,0.272,0.81,us,us10004wp8,2016-03-11T12:25:52.115Z,"30km NNE of Rabaul, Papua New Guinea",earthquake,9.7,4.7,0.061,80,reviewed,us,us
2016-03-11T04:16:48.030Z,35.7334,-3.5836,10,5.3,mb,,40,2.245,0.94,us,us10004wp4,2016-03-11T15:01:53.000Z,"62km NNE of Al Hoceima, Morocco",earthquake,5.6,1.8,0.026,509,reviewed,us,us
2016-03-11T01:08:22.330Z,-10.2366,161.4572,89.3,4.9,mb,,47,1.685,0.93,us,us10004wnq,2016-03-11T09:11:03.284Z,"56km WNW of Kirakira, Solomon Islands",earthquake,8.9,4.4,0.06,87,reviewed,us,us
2016-03-10T22:46:20.050Z,12.3532,144.2237,12.77,4.7,mb,,65,1.38,0.76,us,us10004wn0,2016-03-11T06:48:50.333Z,"111km SSW of Merizo Village, Guam",earthquake,6.7,5.3,0.065,71,reviewed,us,us
2016-03-10T18:38:58.140Z,43.189,149.0318,10,5.3,mb,,132,4.492,0.87,us,us10004wlr,2016-03-11T15:07:57.000Z,"198km ESE of Shikotan, Russia",earthquake,9.4,1.9,0.029,405,reviewed,us,us
2016-03-10T12:48:40.960Z,8.3399,-103.3409,10,4.9,mb,,203,10.278,1.05,us,us10004wip,2016-03-10T20:51:10.193Z,"Northern East Pacific Rise",earthquake,8.1,1.9,0.036,239,reviewed,us,us
2016-03-10T08:34:12.160Z,-18.8082,-69.6507,95.37,5,mb,,89,0.489,1.45,us,us10004wgx,2016-03-10T08:58:52.822Z,"68km S of Putre, Chile",earthquake,4.2,6,0.048,140,reviewed,us,us
2016-03-10T03:24:06.400Z,-57.4912,-66.4049,10,5.2,mb,,162,2.655,0.52,us,us10004wfv,2016-03-10T11:26:50.320Z,"Drake Passage",earthquake,10.6,2,0.073,61,reviewed,us,us
2016-03-10T02:16:24.370Z,-19.0215,169.2867,217.47,5.2,mb,,31,2.599,0.76,us,us10004wf6,2016-03-10T10:18:59.829Z,"58km N of Isangel, Vanuatu",earthquake,8.1,4.8,0.034,281,reviewed,us,us
2016-03-09T23:46:07.720Z,35.6823,-3.553,10,4.9,mb,,45,2.286,1.05,us,us10004wer,2016-03-10T06:01:13.665Z,"58km N of Boudinar, Morocco",earthquake,7.5,1.9,0.04,194,reviewed,us,us
2016-03-09T22:54:27.180Z,-29.3011,-179.0928,372.19,4.7,mb,,40,1.018,1.02,us,us10004wef,2016-03-10T06:56:56.797Z,"115km W of Raoul Island, New Zealand",earthquake,11.8,6.1,0.085,42,reviewed,us,us
2016-03-09T22:05:53.570Z,30.4447,99.8969,10,4.6,mb,,105,8.607,0.55,us,us10004we7,2016-03-10T06:08:30.156Z,"67km SW of Rulong, China",earthquake,9.9,1.9,0.093,34,reviewed,us,us
2016-03-09T16:37:14.510Z,-5.6153,110.1938,530.29,4.5,mb,,51,1.445,1.37,us,us10004wbs,2016-03-10T00:39:42.783Z,"111km NNW of Batang, Indonesia",earthquake,10.7,8.3,0.075,52,reviewed,us,us
2016-03-09T16:06:34.190Z,-5.3673,151.4748,58.51,4.8,mb,,145,1.355,0.73,us,us10004wcb,2016-03-10T00:09:05.108Z,"142km SW of Kokopo, Papua New Guinea",earthquake,10.6,7.6,0.086,42,reviewed,us,us
2016-03-09T15:50:24.810Z,-54.5735,-39.6363,11.57,5.4,mb,,35,1.862,0.86,us,usd0006rr6,2016-03-09T23:52:56.044Z,"205km W of Grytviken, South Georgia and the South Sandwich Islands",earthquake,8.1,0.6,0.074,62,reviewed,us,us
2016-03-09T13:28:11.710Z,-30.4676,-71.3993,48.6,4.9,mb,,98,0.289,0.56,us,us10004w9z,2016-03-10T05:20:28.398Z,"23km NW of Ovalle, Chile",earthquake,7,2.3,0.057,96,reviewed,us,us
2016-03-09T12:04:00.680Z,11.659,144.6194,10,5.1,mb,,62,1.933,0.63,us,us10004w9t,2016-03-09T13:00:58.619Z,"177km S of Merizo Village, Guam",earthquake,9,1.9,0.053,115,reviewed,us,us
2016-03-09T06:27:29.080Z,-34.7927,-71.9327,35.55,4.6,mb,,124,0.216,0.86,us,us10004w8a,2016-03-09T21:43:23.308Z,"54km WSW of Santa Cruz, Chile",earthquake,5,9.2,0.141,15,reviewed,us,us
2016-03-09T06:27:17.400Z,6.8343,-73.0335,144.15,5,mb,,45,1.425,1.47,us,us10004w8b,2016-03-09T07:32:32.306Z,"15km N of Aratoca, Colombia",earthquake,5,7.3,0.026,487,reviewed,us,us
2016-03-08T19:42:33.980Z,6.6617,125.6034,180.12,4.7,mb,,50,0.406,0.94,us,us10004w4d,2016-03-09T15:46:11.451Z,"18km NNE of Tubalan, Philippines",earthquake,7.2,4.6,0.044,154,reviewed,us,us
2016-03-08T18:31:22.710Z,-10.1098,161.3016,73.13,4.8,mb,,110,1.492,0.64,us,us10004w2w,2016-03-09T14:51:52.737Z,"77km WNW of Kirakira, Solomon Islands",earthquake,10.2,8,0.084,44,reviewed,us,us
2016-03-08T18:18:45.060Z,60.9047,165.617,30.8,5.2,mb,,106,7.199,0.81,us,us10004w2p,2016-03-09T14:45:03.708Z,"55km NNW of Tilichiki, Russia",earthquake,7.7,4.4,0.026,494,reviewed,us,us
2016-03-08T17:37:59.310Z,29.4551,142.8992,15.05,4.6,mb,,150,2.433,1.23,us,us10004w2n,2016-03-09T14:38:16.307Z,"271km NNE of Chichi-shima, Japan",earthquake,8.4,5.3,0.095,33,reviewed,us,us
2016-03-08T16:54:40.810Z,11.1502,-86.8281,35,4.5,mb,,170,1.184,0.69,us,us10004w1y,2016-03-08T19:31:10.132Z,"78km SSW of Masachapa, Nicaragua",earthquake,6.5,2,0.065,69,reviewed,us,us
2016-03-08T14:53:03.940Z,-18.1502,-178.3403,615.38,4.6,mb,,38,7.588,1.08,us,us10004w1b,2016-03-08T22:57:10.378Z,"279km N of Ndoi Island, Fiji",earthquake,10.6,6.4,0.038,206,reviewed,us,us
2016-03-08T12:38:37.340Z,-32.9776,-177.898,35,4.6,mb,,210,3.72,0.69,us,us10004w03,2016-03-08T20:41:14.002Z,"195km SSE of L'Esperance Rock, New Zealand",earthquake,6.6,2,0.151,13,reviewed,us,us
2016-03-08T08:25:29.300Z,19.549,-92.1053,15.01,4.7,mb,,73,3.249,1.24,us,us10004vzl,2016-03-08T16:27:55.945Z,"105km NNW of Ciudad del Carmen, Mexico",earthquake,8.2,5.1,0.056,98,reviewed,us,us
2016-03-08T08:22:48.000Z,4.8702,94.5563,37.63,4.5,mb,,141,2.408,0.51,us,us10004vzn,2016-03-08T08:55:50.261Z,"113km SW of Banda Aceh, Indonesia",earthquake,10.6,9.2,0.131,17,reviewed,us,us
2016-03-08T05:36:27.690Z,-15.1436,-173.4146,29.75,5.8,mb,,42,2.005,1.11,us,us10004vz7,2016-03-08T18:31:02.000Z,"96km NNE of Hihifo, Tonga",earthquake,9.1,4.6,0.029,442,reviewed,us,us
2016-03-07T22:43:24.940Z,17.7161,40.296,10,4.8,mb,,55,6.626,1.03,us,us10004vx9,2016-03-11T06:04:36.755Z,"176km SSW of Al Qunfidhah, Saudi Arabia",earthquake,7.7,1.9,0.06,86,reviewed,us,us
2016-03-07T18:31:30.340Z,11.5517,-87.3729,36.35,4.6,mb,,194,1.15,0.92,us,us10004vv5,2016-03-08T02:34:03.650Z,"97km WSW of Masachapa, Nicaragua",earthquake,7.5,11.8,0.062,77,reviewed,us,us
2016-03-07T17:11:25.010Z,14.2011,146.975,10,4.6,mb,,149,1.531,0.58,us,us10004vuu,2016-03-08T01:13:56.327Z,"168km ESE of JP Tinian Town pre-WW2, Northern Mariana Islands",earthquake,4.4,1.9,0.114,23,reviewed,us,us
2016-03-07T12:23:01.700Z,22.7785,93.968,48.79,4.5,mb,,167,3.38,0.4,us,us10004vu1,2016-03-07T20:25:45.262Z,"32km ESE of Falam, Burma",earthquake,10.8,8.5,0.099,30,reviewed,us,us
2016-03-07T11:43:41.870Z,2.3606,128.3288,139.51,5,mb,,69,1.848,0.96,us,us10004vtx,2016-03-07T17:13:49.473Z,"78km NNE of Tobelo, Indonesia",earthquake,8.8,7.3,0.053,112,reviewed,us,us
2016-03-07T07:37:02.220Z,40.2154,142.3841,35,4.8,mb,,138,1.422,0.84,us,us10004vtk,2016-03-07T12:25:15.278Z,"74km NNE of Miyako, Japan",earthquake,4,1.9,0.047,138,reviewed,us,us
2016-03-07T03:13:58.190Z,20.98,95.0238,100.99,4.6,mb,,46,3.22,1.09,us,us10004vst,2016-03-11T02:57:30.234Z,"24km ENE of Chauk, Burma",earthquake,7.2,4.4,0.049,126,reviewed,us,us
2016-03-07T02:40:25.600Z,31.0281,141.0074,54.72,4.5,mb,,84,2.314,0.93,us,us10004vsp,2016-03-11T02:43:11.560Z,"254km SSE of Hachijo-jima, Japan",earthquake,8.2,6.5,0.059,86,reviewed,us,us
2016-03-06T18:23:03.700Z,-23.9571,179.7251,535.63,4.6,mb,,203,6.375,0.8,us,us10004vps,2016-03-07T02:25:46.082Z,"South of the Fiji Islands",earthquake,14.4,16.2,0.102,29,reviewed,us,us
2016-03-06T16:23:08.040Z,-17.9791,-70.1967,101.13,4.8,mb,,146,1.844,0.52,us,us10004vnu,2016-03-07T00:25:46.346Z,"6km ENE of Tacna, Peru",earthquake,9.5,8.7,0.056,97,reviewed,us,us
2016-03-06T15:08:56.540Z,23.2016,123.3511,10.18,4.7,mb,,112,1.297,0.68,us,us10004vnm,2016-03-06T23:11:25.661Z,"144km SSE of Yonakuni, Japan",earthquake,7.1,3.8,0.055,101,reviewed,us,us
2016-03-06T13:19:09.200Z,56.2868,-162.0165,199.17,4.8,mb,,40,1.28,1.37,us,us10004vnc,2016-03-10T02:57:09.355Z,"130km NNE of Cold Bay, Alaska",earthquake,6.8,6.3,0.034,272,reviewed,us,us
2016-03-06T13:06:16.960Z,-14.8822,-76.0177,9.54,4.6,mb,,146,2.987,0.79,us,us10004vna,2016-03-06T21:08:56.276Z,"83km SSW of Santiago, Peru",earthquake,7.1,4.3,0.082,45,reviewed,us,us
2016-03-06T12:01:13.610Z,16.9401,122.8581,35.71,4.6,mb,,125,6.584,0.74,us,us10004vn3,2016-03-06T20:03:48.827Z,"49km ESE of Dicabisagan, Philippines",earthquake,5.9,8.4,0.114,23,reviewed,us,us
2016-03-06T07:02:30.260Z,28.6123,142.9789,10,5.1,mb,,106,1.666,0.75,us,us10004vm0,2016-03-06T15:05:05.863Z,"185km NNE of Chichi-shima, Japan",earthquake,7.9,1.8,0.063,81,reviewed,us,us
2016-03-06T00:54:47.390Z,-1.3891,-80.3287,55.63,5.1,mb,,103,2.477,0.93,us,us10004vl0,2016-03-06T17:03:52.894Z,"17km SE of Sucre, Ecuador",earthquake,8.5,4.9,0.028,423,reviewed,us,us
2016-03-06T00:05:02.880Z,17.8828,40.3718,10,4.5,mb,,128,7.385,0.81,us,us10004vkr,2016-03-06T08:07:33.800Z,"156km SSW of Al Qunfidhah, Saudi Arabia",earthquake,10.5,1.9,0.088,38,reviewed,us,us
2016-03-05T22:01:49.410Z,15.4834,-93.7167,80.21,5,mb,,131,1.715,1.04,us,us10004vk5,2016-03-06T06:04:33.792Z,"46km SSW of Tres Picos, Mexico",earthquake,7.6,6.2,0.031,330,reviewed,us,us
2016-03-05T18:45:30.050Z,-32.9191,-178.2,10,5.5,mb,,48,3.669,1.31,us,us10004uy6,2016-03-08T19:53:28.784Z,"177km SSE of L'Esperance Rock, New Zealand",earthquake,9.5,1.7,0.047,159,reviewed,us,us
2016-03-05T18:38:32.920Z,49.6534,-129.3038,18.76,4.7,mb,,166,4.148,1.21,us,us10004uxx,2016-03-08T19:04:48.380Z,"177km SW of Port Hardy, Canada",earthquake,10.1,5.5,0.054,105,reviewed,us,us
2016-03-05T18:34:06.320Z,15.0037,122.4605,47.23,4.6,mb,,65,7.881,1.23,us,us10004uxw,2016-03-08T18:22:33.185Z,"33km NNE of Jomalig, Philippines",earthquake,8.7,7.2,0.069,63,reviewed,us,us
2016-03-05T17:31:50.310Z,-20.7348,-69.7599,38.29,4.6,mb,,64,0.377,1.31,us,us10004uxf,2016-03-08T16:37:01.737Z,"69km SE of Iquique, Chile",earthquake,3.1,6.2,0.105,30,reviewed,us,us
2016-03-05T17:28:49.150Z,-20.3078,-173.2976,10,5,mb,,75,6.526,0.87,us,us10004uxd,2016-03-08T17:04:09.570Z,"123km ESE of Pangai, Tonga",earthquake,4.6,1.8,0.055,106,reviewed,us,us
2016-03-05T15:43:07.910Z,15.0807,122.7133,47.11,4.8,mb,,89,7.849,0.71,us,us10004ux5,2016-03-05T16:17:42.078Z,"55km NE of Jomalig, Philippines",earthquake,9.9,7.1,0.063,78,reviewed,us,us
2016-03-05T15:11:56.030Z,-6.6532,102.4708,10,4.9,mb,,95,2.328,0.65,us,us10004ux3,2016-03-05T23:14:24.474Z,"226km SW of Biha, Indonesia",earthquake,8.1,1.9,0.088,41,reviewed,us,us
2016-03-05T02:41:24.500Z,-4.473,94.4073,14.3,4.8,mb,,148,6.553,0.6,us,us10004uvv,2016-03-05T10:43:55.296Z,"Southwest of Sumatra, Indonesia",earthquake,9.6,5,0.091,37,reviewed,us,us
2016-03-05T00:33:23.350Z,41.6745,144.1459,24.2,5.1,mb,,73,0.813,0.65,us,us10004uv6,2016-03-05T08:36:06.355Z,"145km S of Kushiro, Japan",earthquake,7.3,4.3,0.028,418,reviewed,us,us
2016-03-04T20:20:54.130Z,-4.1862,94.415,9,5.1,mb,,39,6.302,0.82,us,us10004uta,2016-03-06T18:04:09.040Z,"Southwest of Sumatra, Indonesia",earthquake,8.5,3.1,0.051,127,reviewed,us,us
2016-03-04T18:58:31.650Z,-20.6628,-71.0569,27.18,4.5,mwr,,134,0.86,1.35,us,us10004usk,2016-03-05T17:20:13.159Z,"107km WSW of Iquique, Chile",earthquake,4.9,4.8,0.05,38,reviewed,us,us
2016-03-04T18:54:26.640Z,-48.9962,106.3216,10,4.8,mb,,80,31.471,0.73,us,us10004usm,2016-03-05T17:04:22.266Z,"Southeast Indian Ridge",earthquake,8.5,1.8,0.115,25,reviewed,us,us
2016-03-04T16:44:01.780Z,-32.6918,-178.3106,35,4.8,mb,,91,3.451,0.61,us,us10004uqd,2016-03-05T00:46:27.609Z,"150km SSE of L'Esperance Rock, New Zealand",earthquake,6.7,2,0.131,18,reviewed,us,us
2016-03-04T08:09:54.050Z,-4.9069,94.5925,13.3,4.8,mb,,78,6.851,0.73,us,us10004umf,2016-03-04T16:12:27.237Z,"Southwest of Sumatra, Indonesia",earthquake,8.8,4.8,0.124,20,reviewed,us,us
2016-03-04T04:25:15.130Z,-21.0199,-178.9302,612.36,5.3,mb,,31,4.327,0.63,us,us10004ulj,2016-03-04T12:27:42.335Z,"47km SSW of Ndoi Island, Fiji",earthquake,10,7.6,0.028,413,reviewed,us,us
2016-03-04T03:59:41.810Z,3.9866,126.746,42.81,4.8,mb,,96,3.253,1.57,us,us10004uld,2016-03-04T12:02:15.243Z,"211km SE of Sarangani, Philippines",earthquake,8.1,7.6,0.078,50,reviewed,us,us
2016-03-03T22:57:58.390Z,-3.1724,148.812,10,4.9,mb,,42,1.828,0.81,us,us10004uji,2016-03-11T02:05:37.157Z,"213km SE of Lorengau, Papua New Guinea",earthquake,6.5,1.8,0.05,124,reviewed,us,us
2016-03-03T22:23:13.460Z,-3.1154,148.6708,10,4.8,mb,,49,1.683,1.09,us,us10004ujd,2016-03-11T01:54:29.238Z,"197km SE of Lorengau, Papua New Guinea",earthquake,7,1.9,0.075,55,reviewed,us,us
2016-03-03T22:18:05.200Z,-3.1485,148.8522,10,4.8,mb,,79,1.846,0.91,us,us10004uj8,2016-03-11T01:45:44.577Z,"215km SE of Lorengau, Papua New Guinea",earthquake,3.5,1.8,0.065,74,reviewed,us,us
2016-03-03T21:58:00.320Z,-3.0984,148.8382,10,5.1,mb,,39,1.805,0.95,us,us10004uj0,2016-03-11T01:34:50.761Z,"210km SE of Lorengau, Papua New Guinea",earthquake,3.8,1.8,0.051,124,reviewed,us,us
2016-03-03T21:47:50.460Z,-3.3311,148.826,10,5.2,mb,,18,1.939,0.95,us,us10004uik,2016-03-11T01:20:54.843Z,"225km SE of Lorengau, Papua New Guinea",earthquake,6,1.8,0.038,231,reviewed,us,us
2016-03-03T20:26:52.660Z,25.4813,124.8057,101.03,4.8,mb,,79,1.916,0.7,us,us10004uhl,2016-03-04T04:29:21.295Z,"89km NNW of Hirara, Japan",earthquake,7.8,6.2,0.044,160,reviewed,us,us
2016-03-03T19:28:31.890Z,-56.4912,-26.9683,95.43,5.2,mb,,46,5.859,0.83,us,us10004ugf,2016-03-04T03:31:13.066Z,"27km NNE of Visokoi Island, South Georgia and the South Sandwich Islands",earthquake,9.5,4.6,0.051,125,reviewed,us,us
2016-03-03T18:51:01.240Z,-19.147,-69.2666,111.18,4.7,mb,,82,0.523,0.72,us,us10004ug4,2016-03-04T02:53:42.282Z,"109km SSE of Putre, Chile",earthquake,4.7,4.7,0.106,27,reviewed,us,us
2016-03-03T16:23:07.490Z,4,126.0404,101.35,5,mb,,22,3.083,1.12,us,us10004ue3,2016-03-04T17:03:23.623Z,"167km SSE of Sarangani, Philippines",earthquake,6.4,5.5,0.041,189,reviewed,us,us
2016-03-03T15:56:27.750Z,-22.1961,-179.3533,579.98,4.8,mb,,32,5.055,0.78,us,us10004udy,2016-03-04T16:25:26.389Z,"184km SSW of Ndoi Island, Fiji",earthquake,9.6,6.3,0.05,123,reviewed,us,us
2016-03-03T12:52:59.440Z,-4.8365,94.5895,10,4.7,mb,,99,6.789,0.5,us,us10004ucl,2016-03-03T20:55:32.994Z,"Southwest of Sumatra, Indonesia",earthquake,4.5,1.9,0.118,22,reviewed,us,us
2016-03-03T11:36:27.760Z,35.5933,-3.5422,10,5,mb,,89,2.327,1.5,us,us10004ubk,2016-03-03T13:09:04.089Z,"49km N of Boudinar, Morocco",earthquake,8.2,1.8,0.041,190,reviewed,us,us
2016-03-03T10:09:41.420Z,-16.0928,-74.012,46.59,4.9,mb,,106,4.175,1.4,us,us10004uaq,2016-03-03T18:12:15.209Z,"97km SE of Acari, Peru",earthquake,8.2,5.9,0.053,150,reviewed,us,us
2016-03-03T08:36:32.790Z,-9.7463,125.3111,28.83,5.5,mb,,85,3.228,0.79,us,us10004ua7,2016-03-03T16:38:59.899Z,"77km ESE of Leof, Indonesia",earthquake,8.6,6.5,0.083,51,reviewed,us,us
2016-03-03T08:34:56.620Z,-9.4991,125.1765,27.9,5.6,mb,,32,3.026,1.2,us,us10004u9z,2016-03-03T18:42:38.000Z,"53km SE of Atambua, Indonesia",earthquake,6.1,5,0.064,85,reviewed,us,us
2016-03-03T07:11:15.940Z,31.746,131.4086,53.43,5.2,mb,,54,0.848,0.91,us,us10004u9q,2016-03-03T08:10:48.228Z,"16km NNE of Nichinan, Japan",earthquake,6.4,5.5,0.044,170,reviewed,us,us
2016-03-03T06:31:51.970Z,-14.671,-73.7273,65.09,4.5,mb,,135,4.038,0.77,us,us10004u9f,2016-03-03T14:34:32.787Z,"24km NE of Tambo, Peru",earthquake,6.5,8.6,0.091,35,reviewed,us,us
2016-03-03T06:03:07.800Z,-4.5726,94.323,10,4.7,mb,,66,6.68,0.61,us,us10004u9a,2016-03-03T14:05:42.681Z,"Southwest of Sumatra, Indonesia",earthquake,5.2,1.9,0.11,25,reviewed,us,us
2016-03-03T00:10:50.000Z,-4.829,94.4102,10,5.5,mb,,26,6.863,0.97,us,us10004u8f,2016-03-03T18:24:50.000Z,"Southwest of Sumatra, Indonesia",earthquake,7.7,1.7,0.048,149,reviewed,us,us
2016-03-03T00:03:48.450Z,-26.5692,178.5647,607.32,4.5,mb,,122,8.794,0.91,us,us10004u8c,2016-03-03T08:06:19.347Z,"South of the Fiji Islands",earthquake,15,13.4,0.112,23,reviewed,us,us
2016-03-02T19:07:52.560Z,-30.4624,-176.4325,10,4.9,mb,,68,1.778,0.69,us,us10004u5l,2016-03-03T03:10:30.155Z,"194km SE of Raoul Island, New Zealand",earthquake,8.4,1.8,0.073,59,reviewed,us,us
2016-03-02T18:15:59.580Z,-33.5833,-178.8129,37.4,4.7,mb,,169,4.39,0.4,us,us10004usb,2016-03-04T21:56:46.231Z,"238km S of L'Esperance Rock, New Zealand",earthquake,15.7,10.1,0.153,13,reviewed,us,us
2016-03-02T18:02:21.520Z,-17.613,-178.288,544.02,4.5,mb,,115,3.49,1.04,us,us10004urw,2016-03-04T21:28:30.302Z,"281km ESE of Lambasa, Fiji",earthquake,15.7,11.5,0.096,32,reviewed,us,us
2016-03-02T16:34:14.970Z,-31.0112,59.1301,10,5.4,mb,,64,10.261,0.9,us,us10004u46,2016-03-11T00:57:13.552Z,"Southwest Indian Ridge",earthquake,9.8,1.7,0.057,103,reviewed,us,us
2016-03-02T15:12:07.490Z,-4.5245,94.3553,10.42,5.1,mb,,71,6.623,0.87,us,us10004u2r,2016-03-10T03:16:29.925Z,"Southwest of Sumatra, Indonesia",earthquake,8.2,3.4,0.06,90,reviewed,us,us
2016-03-02T15:10:34.490Z,-14.8215,167.3495,113.71,4.6,mb,,86,0.637,0.96,us,us10004u2p,2016-03-10T03:14:12.099Z,"40km NE of Port-Olry, Vanuatu",earthquake,9.6,6.1,0.087,39,reviewed,us,us
2016-03-02T12:49:48.360Z,-4.9082,94.275,24,7.8,mww,,26,6.996,1.59,us,us10004u1y,2016-03-04T17:40:14.569Z,"Southwest of Sumatra, Indonesia",earthquake,8,1.8,,,reviewed,us,us
2016-03-02T09:49:53.890Z,-18.6874,-70.7484,32.87,5,mwr,,139,0.405,1.17,us,us10004u0r,2016-03-03T20:17:44.000Z,"52km WSW of Arica, Chile",earthquake,2.9,4.8,0.047,44,reviewed,us,us
2016-03-02T06:35:11.580Z,29.7546,69.93,10,4.6,mb,,101,4.814,0.64,us,us10004u08,2016-03-02T14:37:43.453Z,"42km ESE of Barkhan, Pakistan",earthquake,10.4,1.9,0.091,36,reviewed,us,us
2016-03-02T06:09:12.900Z,-8.659,112.5384,79.99,5.1,mb,,53,1.606,1.44,us,us10004u04,2016-03-02T06:34:44.312Z,"34km S of Gombangan, Indonesia",earthquake,7.4,7,0.084,46,reviewed,us,us
2016-03-01T23:54:20.080Z,34.4068,25.4201,75.17,4.5,mb,,115,0.981,0.83,us,us10004tyv,2016-03-09T04:04:05.898Z,"70km SSE of Pirgos, Greece",earthquake,7.2,7.2,0.064,70,reviewed,us,us
2016-03-01T21:56:24.340Z,-7.4422,128.7202,123.87,4.5,mb,,79,2.611,0.59,us,us10004txm,2016-03-02T05:59:04.290Z,"291km W of Saumlaki, Indonesia",earthquake,10.7,8.3,0.093,34,reviewed,us,us
2016-03-01T20:12:31.950Z,-33.302,-177.9941,10,4.7,mb,,116,6.346,1.13,us,us10004tws,2016-03-02T17:12:37.697Z,"224km SSE of L'Esperance Rock, New Zealand",earthquake,6,1.9,0.104,33,reviewed,us,us
2016-03-01T18:30:36.330Z,-4.7139,153.3096,49.19,4.7,mb,,102,1.255,0.77,us,us10004tvm,2016-03-02T16:03:37.182Z,"41km SE of Taron, Papua New Guinea",earthquake,3.9,8.2,0.095,37,reviewed,us,us
2016-03-01T12:17:17.530Z,14.6669,-93.1779,35,5,mb,,140,1.442,1.3,us,us10004tt2,2016-03-01T20:19:48.776Z,"81km W of Puerto Madero, Mexico",earthquake,7.6,2,0.029,386,reviewed,us,us
2016-03-01T11:58:09.700Z,85.1104,11.067,10,4.6,mb,,54,6.236,1.12,us,us10004tsz,2016-03-01T20:00:36.070Z,"North of Svalbard",earthquake,7.7,1.9,0.071,59,reviewed,us,us
2016-03-01T09:26:40.170Z,-33.1796,-177.5878,10,5.7,mb,,133,3.933,0.89,us,us10004tsd,2016-03-01T17:29:09.505Z,"229km SSE of L'Esperance Rock, New Zealand",earthquake,10.4,1.9,0.087,50,reviewed,us,us
2016-03-01T08:50:11.840Z,-7.9431,-74.453,159.66,4.7,mb,,69,1.744,0.9,us,us10004ts5,2016-03-13T07:39:57.388Z,"49km NNE of Pucallpa, Peru",earthquake,8.2,5.5,0.047,139,reviewed,us,us
2016-03-01T08:00:36.050Z,-47.5123,99.8286,15.78,4.9,mb,,53,19.648,0.81,us,us10004trs,2016-03-12T11:18:30.806Z,"Southeast Indian Ridge",earthquake,5.3,3.8,0.089,40,reviewed,us,us
2016-03-01T07:33:41.990Z,36.0236,68.7058,35.29,4.5,mb,,51,1.505,1.07,us,us10004trp,2016-03-12T09:47:02.513Z,"8km N of Pul-e Khumri, Afghanistan",earthquake,5.7,5.8,0.09,36,reviewed,us,us
2016-03-01T07:11:06.050Z,-54.208,-1.4345,15.32,4.9,mb,,47,17.541,0.66,us,us10004up7,2016-03-12T09:36:03.494Z,"Bouvet Island region",earthquake,5.5,3.7,0.093,36,reviewed,us,us
2016-03-01T01:08:44.710Z,13.1232,-88.8203,72.4,5,mb,,110,0.688,1.32,us,us10004tqy,2016-03-01T17:06:08.620Z,"33km SW of Jiquilisco, El Salvador",earthquake,5.7,3.7,0.029,383,reviewed,us,us
2016-02-29T23:52:40.770Z,-16.5418,178.0144,10,4.5,mb,,119,1.196,0.73,us,us10004ufq,2016-03-14T05:39:44.021Z,"132km NNE of Lautoka, Fiji",earthquake,8.9,1.9,0.082,43,reviewed,us,us
2016-02-29T23:50:40.320Z,-28.8266,-12.7068,10,4.7,mb,,81,14.327,0.89,us,us10004ufp,2016-03-14T04:46:50.607Z,"Southern Mid-Atlantic Ridge",earthquake,7.8,1.9,0.134,17,reviewed,us,us
2016-02-29T23:42:15.900Z,-16.8664,-173.4804,56.17,4.8,mb,,65,3.367,0.88,us,us10004tqh,2016-03-08T06:13:58.358Z,"105km SSE of Hihifo, Tonga",earthquake,9,6.6,0.042,174,reviewed,us,us
2016-02-29T21:33:48.410Z,-18.5124,-174.5991,93.64,5.2,mb,,40,4.461,0.99,us,us10004tn9,2016-03-09T03:24:49.089Z,"66km WNW of Neiafu, Tonga",earthquake,8.2,1.2,0.068,71,reviewed,us,us
2016-02-29T19:47:38.480Z,23.9254,123.4273,23.22,5.1,mb,,94,0.659,1.03,us,us10004tmh,2016-03-04T00:16:50.301Z,"74km SE of Yonakuni, Japan",earthquake,6.5,4.3,0.045,158,reviewed,us,us
2016-02-29T18:37:18.470Z,43.1599,80.3128,81.08,4.7,mb,,167,2.343,0.66,us,us10004tm6,2016-03-03T23:57:48.807Z,"90km E of Kegen, Kazakhstan",earthquake,9.6,6.9,0.069,65,reviewed,us,us
2016-02-29T15:07:55.990Z,12.5911,-88.4876,53.29,4.5,mb,,150,1.308,0.72,us,us10004tl3,2016-02-29T23:10:33.242Z,"76km S of Puerto El Triunfo, El Salvador",earthquake,7.1,9.7,0.08,46,reviewed,us,us
2016-02-29T12:52:40.760Z,-9.0005,127.1933,35,4.5,mb,,47,2.983,0.94,us,us10004tkl,2016-03-12T09:17:46.456Z,"181km E of Aileu, East Timor",earthquake,6.7,1.9,0.111,24,reviewed,us,us
2016-02-29T12:29:54.390Z,4.2421,124.7356,320.46,4.5,mb,,61,2.931,0.99,us,us10004tkd,2016-03-12T09:03:57.464Z,"151km SSW of Sarangani, Philippines",earthquake,4.3,7.5,0.073,55,reviewed,us,us
2016-02-29T11:33:37.760Z,-28.5773,-179.08,383.7,4.5,mb,,54,1.208,0.85,us,us10004tka,2016-03-12T07:53:43.640Z,"138km WNW of Raoul Island, New Zealand",earthquake,11.5,5.7,0.088,38,reviewed,us,us
2016-02-29T10:40:34.640Z,1.9776,126.66,56.4,4.6,mb,,136,1.39,1.24,us,us10004tjy,2016-02-29T18:43:20.089Z,"152km W of Tobelo, Indonesia",earthquake,9.5,9.6,0.094,34,reviewed,us,us
2016-02-29T08:11:58.860Z,30.4922,139.1043,10,4.7,mb,,88,2.684,0.82,us,us10004tj7,2016-02-29T16:14:44.966Z,"294km SSW of Hachijo-jima, Japan",earthquake,7.5,1.9,0.08,47,reviewed,us,us
2016-02-29T07:10:44.400Z,2.1013,126.8601,26.72,4.5,mb,,167,1.414,0.97,us,us10004tiw,2016-02-29T15:13:24.458Z,"134km WNW of Tobelo, Indonesia",earthquake,10.5,6.3,0.104,27,reviewed,us,us
2016-02-29T03:54:41.210Z,39.6457,-29.7594,10,4.7,mb,,129,1.05,1,us,us10004uf0,2016-03-08T03:18:38.978Z,"118km E of Santa Cruz das Flores, Portugal",earthquake,8.3,1.7,0.076,53,reviewed,us,us
2016-02-28T19:05:45.290Z,-13.6949,-69.9015,73.24,4.5,mb,,143,3.094,1.33,us,us10004tfi,2016-02-29T03:08:26.727Z,"71km NE of Macusani, Peru",earthquake,9.3,12.2,0.151,13,reviewed,us,us
2016-02-28T18:24:45.040Z,71.642,-2.4395,10,4.7,mb,,87,6.445,1.17,us,us10004tf4,2016-02-29T02:27:26.721Z,"238km ENE of Olonkinbyen, Svalbard and Jan Mayen",earthquake,8.5,1.9,0.099,31,reviewed,us,us
2016-02-28T16:29:43.450Z,25.2531,124.8492,88.69,4.7,mb,,91,1.843,0.84,us,us10004tdz,2016-02-29T00:32:26.522Z,"66km NW of Hirara, Japan",earthquake,8.5,6.8,0.05,120,reviewed,us,us
2016-02-28T15:56:04.720Z,-17.2944,167.4984,13.13,4.9,mb,,107,1.858,0.7,us,us10004tds,2016-02-28T23:58:42.753Z,"100km WNW of Port-Vila, Vanuatu",earthquake,8.5,5,0.077,53,reviewed,us,us
2016-02-28T15:11:46.510Z,4.5065,-32.6079,10,4.8,mb,,56,10.779,0.66,us,us10004tdh,2016-02-28T23:14:27.757Z,"Central Mid-Atlantic Ridge",earthquake,10.9,1.9,0.043,169,reviewed,us,us
2016-02-28T11:37:46.630Z,-14.517,167.4209,177.37,4.5,mb,,57,0.948,1.09,us,us10004tcm,2016-03-11T13:03:03.830Z,"71km NE of Port-Olry, Vanuatu",earthquake,10.9,6.2,0.07,59,reviewed,us,us
2016-02-28T11:32:08.300Z,-18.7427,-177.8818,446.72,4.5,mb,,79,3.988,0.9,us,us10004tcf,2016-03-11T12:55:56.285Z,"227km NNE of Ndoi Island, Fiji",earthquake,11.3,6.7,0.07,59,reviewed,us,us
2016-02-28T09:06:25.870Z,5.2818,125.3296,177.61,5.5,mww,,22,1.793,1.2,us,us10004taw,2016-03-11T10:05:45.032Z,"20km SW of Sarangani, Philippines",earthquake,7.3,4.5,,,reviewed,us,us
2016-02-28T08:25:43.920Z,22.739,-63.3288,10,4.6,mb,,178,4.624,0.86,us,us10004tam,2016-02-28T16:28:21.548Z,"North Atlantic Ocean",earthquake,11.3,2,0.076,51,reviewed,us,us
2016-02-28T06:00:40.800Z,-4.4205,153.6209,98.67,4.9,mb,,74,1.47,0.59,us,us10004t9y,2016-02-28T14:03:07.755Z,"65km E of Taron, Papua New Guinea",earthquake,9.7,7.1,0.083,45,reviewed,us,us
2016-02-28T05:28:13.540Z,6.762,-72.972,157.17,4.6,mb,,58,2.33,1.03,us,us10004t9s,2016-03-04T19:52:10.968Z,"9km NE of Aratoca, Colombia",earthquake,9.2,10.8,0.046,139,reviewed,us,us
2016-02-28T04:29:22.740Z,-32.7522,57.2215,10,4.6,mb,,140,11.61,0.79,us,us10004ucx,2016-03-13T02:35:17.727Z,"Southwest Indian Ridge",earthquake,14.1,1.9,0.116,22,reviewed,us,us
2016-02-28T03:55:40.240Z,-7.4667,128.4847,127.63,4.7,mb,,39,2.835,0.94,us,us10004t9e,2016-03-13T01:33:04.963Z,"Kepulauan Barat Daya, Indonesia",earthquake,6.4,5.3,0.059,87,reviewed,us,us
2016-02-28T03:24:22.540Z,3.0258,128.46,215.86,4.5,mb,,33,2.491,0.74,us,us10004t97,2016-03-13T01:24:24.088Z,"151km NNE of Tobelo, Indonesia",earthquake,7.2,6,0.049,121,reviewed,us,us
2016-02-28T02:26:37.860Z,-55.35,-27.2872,25.46,4.5,mb,,80,5.427,0.62,us,us10004ucv,2016-03-13T02:08:23.568Z,"150km N of Visokoi Island, South Georgia and the South Sandwich Islands",earthquake,7.6,5.8,0.111,24,reviewed,us,us
2016-02-28T01:15:20.380Z,43.0965,141.7324,170.1,4.5,mb,,94,0.329,1.09,us,us10004t8j,2016-03-13T00:49:48.622Z,"11km S of Iwamizawa, Japan",earthquake,6.7,4.6,0.088,38,reviewed,us,us
2016-02-27T22:37:05.510Z,-8.9862,124.1401,98.65,5,mb,,61,0.774,1.24,us,us10004t7q,2016-02-28T06:39:41.662Z,"63km NW of Kefamenanu, Indonesia",earthquake,6.5,6.1,0.07,66,reviewed,us,us
2016-02-27T21:29:43.370Z,-51.782,139.5587,10,5.9,mb,,44,10.314,0.64,us,us10004t7g,2016-02-28T05:32:09.949Z,"Western Indian-Antarctic Ridge",earthquake,8.3,1.8,0.055,121,reviewed,us,us
2016-02-27T18:20:42.860Z,-17.985,-178.4463,548.37,5.1,mb,,74,3.342,1.09,us,us10004t6m,2016-03-01T15:41:23.595Z,"288km SE of Lambasa, Fiji",earthquake,8.5,5.3,0.056,103,reviewed,us,us
2016-02-27T15:37:32.570Z,38.9364,142.5653,23.77,4.8,mb,,146,1.755,1.27,us,us10004t5i,2016-02-27T23:40:07.680Z,"69km ESE of Kamaishi, Japan",earthquake,7.1,6,0.098,32,reviewed,us,us
2016-02-27T14:43:02.380Z,-40.5547,176.8849,41.49,4.5,mb,,128,0.502,0.96,us,us10004t5a,2016-02-27T22:45:33.178Z,"68km NE of Castlepoint, New Zealand",earthquake,8.4,10.1,0.136,16,reviewed,us,us
2016-02-27T12:37:10.010Z,-59.7481,-25.5619,64.51,4.6,mb,,73,8.089,0.74,us,us10004u3j,2016-03-11T09:38:30.358Z,"96km SE of Bristol Island, South Sandwich Islands",earthquake,10.4,6.5,0.173,10,reviewed,us,us
2016-02-27T10:48:38.210Z,18.3331,145.9479,136.86,4.5,mb,,103,3.078,0.64,us,us10004t4k,2016-02-27T18:51:18.609Z,"30km NE of Pagan, Northern Mariana Islands",earthquake,11.5,7.6,0.078,49,reviewed,us,us
2016-02-27T03:31:06.370Z,3.6377,124.4825,319.96,4.6,mb,,103,3.579,0.9,us,us10004t39,2016-02-27T11:33:33.227Z,"223km SSW of Sarangani, Philippines",earthquake,8.1,7.9,0.069,63,reviewed,us,us
2016-02-27T03:20:50.710Z,4.5678,-32.6187,10,4.9,mb,,92,25.211,0.47,us,us10004t3b,2016-02-27T11:23:26.525Z,"Central Mid-Atlantic Ridge",earthquake,6,1.9,0.061,84,reviewed,us,us
2016-02-27T02:59:53.200Z,22.3373,121.1984,13.71,4.5,mb,,93,0.49,0.77,us,us10004t34,2016-02-27T11:02:39.210Z,"46km S of Taitung City, Taiwan",earthquake,3.1,4,0.108,25,reviewed,us,us
2016-02-27T02:41:46.010Z,4.4827,-32.6649,10,5.5,mb,,50,10.739,0.76,us,us10004t2t,2016-03-02T21:59:49.000Z,"Central Mid-Atlantic Ridge",earthquake,8.9,1.8,0.027,482,reviewed,us,us
2016-02-27T02:40:20.410Z,-18.2095,-174.3934,94.46,4.8,mb,,104,4.321,0.41,us,us10004t2u,2016-02-27T10:43:00.909Z,"65km NW of Neiafu, Tonga",earthquake,5.8,10.1,0.134,17,reviewed,us,us
2016-02-27T00:31:05.120Z,13.4762,93.915,98.7,4.5,mb,,61,2.14,0.81,us,us10004t24,2016-03-08T05:25:31.075Z,"235km NNE of Bamboo Flat, India",earthquake,6.4,6,0.071,57,reviewed,us,us
2016-02-26T19:58:17.370Z,37.5955,142.0322,18.67,4.8,mb,,100,1.022,0.79,us,us10004t0h,2016-02-27T17:29:44.286Z,"92km E of Namie, Japan",earthquake,6.2,4.2,0.052,116,reviewed,us,us
2016-02-26T19:51:03.990Z,7.0626,126.568,91.61,4.8,mb,,90,0.981,0.93,us,us10004t0d,2016-02-27T16:28:22.612Z,"10km SE of San Ignacio, Philippines",earthquake,7.2,7.2,0.069,65,reviewed,us,us
2016-02-26T17:01:41.980Z,-24.1159,-66.9377,180.58,4.6,mb,,33,2.351,1.88,us,us10004szc,2016-02-27T15:19:00.879Z,"63km W of San Antonio de los Cobres, Argentina",earthquake,6.6,6.4,0.064,72,reviewed,us,us
2016-02-26T13:20:36.890Z,-31.347,-178.1514,35.66,4.7,mb,,173,2.103,0.33,us,us10004u1b,2016-03-11T08:40:08.738Z,"71km E of L'Esperance Rock, New Zealand",earthquake,10.7,8.6,0.142,15,reviewed,us,us
2016-02-26T13:09:56.940Z,-4.7083,-80.7157,47.46,4.5,mb,,64,8.184,0.91,us,us10004swm,2016-03-11T08:34:17.004Z,"16km NNW of Querecotillo, Peru",earthquake,11,6.8,0.094,33,reviewed,us,us
2016-02-26T08:52:49.170Z,-31.7226,-67.5553,32.46,5.2,mb,,41,0.979,0.77,us,us10004svb,2016-02-26T17:35:29.576Z,"69km E of Caucete, Argentina",earthquake,6,4.8,0.035,271,reviewed,us,us
2016-02-26T07:19:19.670Z,-28.8894,-67.5535,99.83,4.6,mb,,43,2.476,1.18,us,us10004suw,2016-02-26T15:21:51.396Z,"30km N of Chilecito, Argentina",earthquake,7.3,6.2,0.141,15,reviewed,us,us
2016-02-26T04:47:43.830Z,-15.6386,167.7685,127.52,5,mb,,103,0.577,1.07,us,us10004su3,2016-02-26T12:50:15.137Z,"62km NE of Norsup, Vanuatu",earthquake,10.2,5.9,0.06,90,reviewed,us,us
2016-02-26T01:49:36.720Z,-62.2332,155.2191,10,5.1,mb,,99,15.509,0.75,us,us10004ssu,2016-02-26T16:51:10.040Z,"Balleny Islands region",earthquake,11.1,1.9,0.09,40,reviewed,us,us
2016-02-26T00:55:31.190Z,1.2943,126.8981,66.18,4.6,mb,,84,0.699,0.37,us,us10004ssl,2016-03-08T04:23:02.759Z,"76km NW of Kota Ternate, Indonesia",earthquake,7,6.5,0.091,36,reviewed,us,us
2016-02-25T23:35:19.300Z,-8.7463,111.5091,57.44,5.1,mb,,40,1.28,1.36,us,us10004srp,2016-03-05T23:15:28.917Z,"50km S of Ngulung Wetan, Indonesia",earthquake,6.3,4.6,0.052,119,reviewed,us,us
2016-02-25T22:39:48.470Z,-47.097,33.1259,10,5.3,mwb,,29,12.867,0.82,us,us10004sri,2016-03-04T02:54:23.503Z,"Prince Edward Islands region",earthquake,7.9,1.7,0.083,14,reviewed,us,us
2016-02-25T22:10:07.780Z,-18.4779,-173.7781,35,4.5,mb,,102,3.696,0.44,us,us10004tu5,2016-03-07T23:06:54.057Z,"28km NE of Neiafu, Tonga",earthquake,7.5,2,0.128,18,reviewed,us,us
2016-02-25T22:00:41.390Z,-15.2686,166.14,35,4.5,mb,,200,1.04,1.13,us,us10004tu6,2016-03-07T23:17:36.521Z,"100km WSW of Port-Olry, Vanuatu",earthquake,3.9,2,0.221,6,reviewed,us,us
2016-02-25T20:12:48.290Z,12.6929,-88.7316,50.73,4.6,mb,,97,1.101,0.66,us,us10004spd,2016-03-08T19:00:08.883Z,"68km SSW of Puerto El Triunfo, El Salvador",earthquake,7.2,7.6,0.068,64,reviewed,us,us
2016-02-25T15:44:02.470Z,-6.009,130.4511,140.64,4.6,mb,,50,2.133,1.13,us,us10004slx,2016-02-26T16:01:56.037Z,"234km NNW of Saumlaki, Indonesia",earthquake,6.8,7.9,0.112,27,reviewed,us,us
2016-02-25T15:35:06.670Z,-23.1052,-68.9576,84.32,5.2,mww,,47,0.483,1.25,us,us10004slu,2016-02-26T15:52:09.548Z,"70km S of Calama, Chile",earthquake,6,3.7,,,reviewed,us,us
2016-02-25T12:17:48.930Z,-7.5196,128.5492,166.57,5,mb,,61,2.763,1.25,us,us10004sks,2016-02-25T20:20:28.351Z,"Kepulauan Barat Daya, Indonesia",earthquake,8.2,7.9,0.08,49,reviewed,us,us
2016-02-25T11:27:54.930Z,-30.785,-71.4794,41.02,4.7,mb,,125,0.173,0.95,us,us10004sk4,2016-02-25T11:56:46.293Z,"33km SW of Ovalle, Chile",earthquake,4.9,6.8,0.062,78,reviewed,us,us
2016-02-25T10:53:00.080Z,-3.4126,68.4313,13.3,4.9,mb,,91,5.639,1.25,us,us10004sjz,2016-02-25T18:55:29.212Z,"Chagos Archipelago region",earthquake,6.5,4.5,0.099,42,reviewed,us,us
2016-02-25T08:40:17.880Z,-3.3621,68.3188,10,4.6,mb,,68,5.754,0.66,us,us10004ttn,2016-03-13T11:41:13.527Z,"Chagos Archipelago region",earthquake,9.3,1.9,0.105,27,reviewed,us,us
2016-02-25T07:37:10.140Z,50.3792,156.425,78.24,4.8,mb,,90,2.845,0.74,us,us10004siv,2016-03-12T12:00:14.126Z,"39km SSE of Severo-Kuril'sk, Russia",earthquake,9.1,3.6,0.064,75,reviewed,us,us
2016-02-24T19:36:16.210Z,24.018,142.1388,56.26,4.8,mb,,49,3.065,0.96,us,us10004sel,2016-03-08T18:39:10.895Z,"117km SE of Iwo Jima, Japan",earthquake,10.7,5,0.048,135,reviewed,us,us
2016-02-24T19:09:57.620Z,-29.9206,-71.8346,15.56,4.6,mb,,147,0.517,1.02,us,us10004sec,2016-03-08T18:31:31.895Z,"47km W of Coquimbo, Chile",earthquake,4.8,4.3,0.146,14,reviewed,us,us
2016-02-24T17:02:04.450Z,-29.9561,-71.6987,23.14,4.6,mb,,144,0.401,0.78,us,us10004scj,2016-03-08T18:11:43.748Z,"34km W of Coquimbo, Chile",earthquake,5.2,1.5,0.119,21,reviewed,us,us
2016-02-24T16:10:50.690Z,38.2908,141.875,39.93,4.5,mwr,,120,0.954,0.92,us,us10004scg,2016-03-03T05:38:15.084Z,"52km ESE of Ishinomaki, Japan",earthquake,6.3,5.5,0.073,18,reviewed,us,us
2016-02-24T13:32:26.830Z,-62.9903,146.8934,10,4.6,mb,,114,15.348,0.62,us,us10004syf,2016-03-13T11:06:38.059Z,"South of Australia",earthquake,9.8,1.9,0.141,15,reviewed,us,us
2016-02-24T09:22:16.990Z,27.8205,85.7593,10,4.7,mb,,77,0.407,0.78,us,us10004sb7,2016-02-24T10:17:11.936Z,"23km SW of Kodari, Nepal",earthquake,4.2,1.9,0.082,45,reviewed,us,us
2016-02-24T08:18:20.510Z,18.7292,-69.4339,95.13,4.7,mb,,72,0.529,1,us,us10004saw,2016-02-24T14:13:50.560Z,"6km SSE of El Puerto, Dominican Republic",earthquake,2.6,6,0.048,148,reviewed,us,us
2016-02-24T03:51:29.030Z,-31.758,-69.439,122.79,4.9,mb,,78,0.677,1.29,us,us10004s9h,2016-02-24T17:13:51.000Z,"47km S of Calingasta, Argentina",earthquake,4.3,6.5,0.125,20,reviewed,us,us
2016-02-24T02:33:48.980Z,-9.0552,127.1953,45.93,4.7,mb,,45,2.971,1.2,us,us10004s92,2016-03-01T05:03:11.511Z,"182km ESE of Aileu, East Timor",earthquake,7.3,7.8,0.133,17,reviewed,us,us
2016-02-24T00:38:12.580Z,11.6284,-87.2231,40.45,4.6,mb,,117,1.006,0.85,us,us10004s8a,2016-03-01T01:57:44.712Z,"79km WSW of Masachapa, Nicaragua",earthquake,6.3,6.7,0.05,118,reviewed,us,us
2016-02-24T00:02:23.630Z,35.5423333,-119.3728333,22.14,4.87,mw,84,37,0.295,0.29,ci,ci37528064,2016-03-14T21:08:01.510Z,"6km SSW of Wasco, California",earthquake,0.24,0.65,,6,reviewed,ci,ci
2016-02-23T21:46:49.210Z,-17.6713,-178.4945,555.95,4.9,mb,,61,7.469,1.37,us,us10004s6b,2016-02-24T05:49:20.961Z,"265km ESE of Lambasa, Fiji",earthquake,14.1,4.3,0.081,47,reviewed,us,us
2016-02-23T20:47:35.330Z,1.0453,127.4496,19.37,5.4,mb,,50,0.284,1.22,us,us10004s5h,2016-02-26T14:57:28.127Z,"27km NNE of Ternate, Indonesia",earthquake,5.8,4.3,0.051,129,reviewed,us,us
2016-02-23T18:08:46.550Z,-63.0328,144.9961,10,5.8,mww,,30,11.185,0.83,us,us10004s4c,2016-02-24T15:05:25.218Z,"South of Australia",earthquake,9.3,1.7,,,reviewed,us,us
2016-02-23T16:09:28.430Z,12.3491,-88.268,35,4.6,mb,,188,1.238,1.11,us,us10004s2k,2016-02-24T00:12:25.754Z,"96km SSW of Intipuca, El Salvador",earthquake,7.2,2,0.079,47,reviewed,us,us
2016-02-23T10:12:33.000Z,35.7094,-3.5584,10,4.7,mb,,81,2.273,0.85,us,us10004rzc,2016-02-23T18:15:00.604Z,"61km NNE of Al Hoceima, Morocco",earthquake,5.8,1.9,0.078,50,reviewed,us,us
2016-02-23T08:46:01.010Z,35.6866,-3.6285,10,4.8,mb,,45,2.227,0.72,us,us10004ryd,2016-03-07T07:24:22.251Z,"56km NNE of Al Hoceima, Morocco",earthquake,7.3,1.8,0.052,116,reviewed,us,us
2016-02-23T08:26:27.700Z,23.9673,122.4167,29.48,4.7,mb,,89,0.736,0.85,us,us10004ry6,2016-03-06T13:33:45.600Z,"81km SW of Yonakuni, Japan",earthquake,4.8,5,0.073,57,reviewed,us,us
2016-02-23T00:33:38.210Z,32.0565,95.0448,10,5.1,mb,,19,7.044,0.84,us,us10004rwh,2016-03-04T23:16:30.413Z,"68km NNW of Gyamotang, China",earthquake,8.5,1.8,0.037,236,reviewed,us,us
2016-02-22T22:26:00.380Z,-24.5547,-179.8468,497.99,4.5,mb,,70,4.975,1.11,us,us10004rvd,2016-03-01T01:14:49.522Z,"South of the Fiji Islands",earthquake,11.5,5.9,0.051,113,reviewed,us,us
2016-02-22T21:15:09.500Z,-52.8719,25.9049,10,4.5,mb,,117,20.81,1.02,us,us10004smk,2016-03-01T00:57:58.491Z,"South of Africa",earthquake,12.1,1.9,0.15,13,reviewed,us,us
2016-02-22T20:29:35.000Z,-15.71,-71.8,6,4.8,mb,,,,0.87,us,us10004rtm,2016-03-08T17:49:16.490Z,"22km WSW of Chivay, Peru",earthquake,3.4,3.6,0.063,77,reviewed,lim,us
2016-02-22T18:20:53.250Z,7.122,92.1235,10,4.6,mb,,139,4.546,0.56,us,us10004rsa,2016-03-08T17:22:11.882Z,"161km SW of Mohean, India",earthquake,9.1,1.9,0.082,44,reviewed,us,us
2016-02-22T13:59:49.070Z,-20.2393,-177.9782,514.89,4.6,mb,,76,7.674,0.81,us,us10004rpm,2016-02-22T22:02:59.040Z,"87km ENE of Ndoi Island, Fiji",earthquake,8.9,6,0.041,180,reviewed,us,us
2016-02-22T13:39:11.240Z,44.8838,81.2759,47.36,4.5,mb,,94,1.985,0.64,us,us10004rpf,2016-02-22T21:41:39.332Z,"103km WSW of Dostyq, Kazakhstan",earthquake,7.3,7.8,0.108,25,reviewed,us,us
2016-02-22T12:18:47.510Z,13.3479,-44.5254,16.57,4.9,mb,,117,19.204,0.87,us,us10004rp6,2016-03-06T10:57:42.216Z,"Northern Mid-Atlantic Ridge",earthquake,16.4,4.7,0.125,20,reviewed,us,us
2016-02-22T12:17:16.530Z,4.6174,-32.3909,10,4.7,mb,,61,13.437,0.62,us,us10004smb,2016-03-06T10:45:54.589Z,"Central Mid-Atlantic Ridge",earthquake,8.2,1.9,0.108,26,reviewed,us,us
2016-02-22T11:57:03.030Z,-28.581,-12.51,9.48,4.9,mb,,60,35.186,0.8,us,us10004sma,2016-03-06T10:32:20.319Z,"Southern Mid-Atlantic Ridge",earthquake,13.7,3.8,0.099,32,reviewed,us,us
2016-02-22T06:37:03.370Z,-30.4623,-72.063,10.15,5.9,mwb,,101,0.425,0.84,us,us10004rn7,2016-02-23T17:06:22.000Z,"84km W of Ovalle, Chile",earthquake,5.3,3.7,0.045,47,reviewed,us,us
2016-02-22T04:14:30.100Z,35.7366,-3.5222,10,4.6,mb,,74,2.291,0.71,us,us10004rmk,2016-03-01T00:44:21.530Z,"65km N of Boudinar, Morocco",earthquake,7.6,1.8,0.088,39,reviewed,us,us
2016-02-22T03:46:02.450Z,35.735,-3.5106,10,5.1,mww,,25,2.301,0.78,us,us10004rmh,2016-03-01T00:42:55.855Z,"65km N of Boudinar, Morocco",earthquake,6,1.8,,,reviewed,us,us
2016-02-22T03:09:56.030Z,-41.9151,174.2117,9.14,4.7,mwr,,85,0.166,0.97,us,us10004rm8,2016-02-29T02:59:31.990Z,"49km SSE of Blenheim, New Zealand",earthquake,1.8,3.6,0.054,33,reviewed,us,us
2016-02-22T03:04:14.350Z,59.8639,152.052,10,4.6,mb,,146,0.711,1.44,us,us10004rmf,2016-02-26T02:32:51.279Z,"53km NE of Ola, Russia",earthquake,7.1,1.9,0.077,50,reviewed,us,us
2016-02-21T21:26:23.270Z,23.5921,144.306,29.51,5.6,mb,,191,3.981,0.86,us,us10004rkg,2016-02-23T18:39:20.000Z,"Volcano Islands, Japan region",earthquake,10.4,7.8,0.144,18,reviewed,us,us
2016-02-21T18:40:49.060Z,-20.9075,173.951,79.65,4.8,mb,,239,6.277,0.63,us,us10004rju,2016-02-22T02:43:30.640Z,"114km NW of Ceva-i-Ra, Fiji",earthquake,15.6,14.3,0.134,17,reviewed,us,us
2016-02-21T18:10:01.450Z,28.0107,84.7447,19.24,5,mb,,103,0.586,1.19,us,us10004rjm,2016-03-14T07:36:11.850Z,"43km ESE of Lamjung, Nepal",earthquake,9.7,4.6,0.075,57,reviewed,us,us
2016-02-21T18:03:27.770Z,37.4883,141.8349,19.84,4.7,mb,,135,0.912,0.56,us,us10004rjl,2016-02-21T23:02:45.523Z,"73km E of Namie, Japan",earthquake,6.3,4.4,0.126,19,reviewed,us,us
2016-02-21T16:31:59.250Z,36.148,78.139,10,4.6,mb,,94,4.714,0.99,us,us10004rj4,2016-02-22T00:34:35.118Z,"175km SW of Layka, China",earthquake,9.3,1.9,0.077,50,reviewed,us,us
2016-02-21T11:03:51.050Z,11.1543,140.0964,59.69,4.7,mb,,69,5.252,0.81,us,us10004ri5,2016-03-05T13:10:51.815Z,"160km NNW of Fais, Micronesia",earthquake,11.8,7.2,0.069,65,reviewed,us,us
2016-02-21T09:41:37.830Z,54.1192,158.9669,171.5,4.8,mb,,89,1.114,0.63,us,us10004sd3,2016-03-05T12:52:17.395Z,"110km NNE of Yelizovo, Russia",earthquake,9.2,7,0.21,7,reviewed,us,us
2016-02-21T09:12:08.140Z,36.4816,70.863,174.71,5.2,mww,,40,0.682,0.72,us,us10004rhs,2016-03-04T14:24:45.800Z,"42km S of Jarm, Afghanistan",earthquake,6.7,4.8,,,reviewed,us,us
2016-02-21T03:39:38.190Z,6.9364,92.4103,23.56,4.8,mb,,95,4.7,0.62,us,us10004rgq,2016-03-12T23:14:05.968Z,"151km SW of Mohean, India",earthquake,8.2,4.9,0.083,44,reviewed,us,us
2016-02-21T03:21:04.270Z,7.5997,-36.7093,10,4.7,mb,,98,13.363,0.72,us,us10004sd2,2016-03-01T04:13:18.831Z,"Central Mid-Atlantic Ridge",earthquake,10,1.8,0.063,77,reviewed,us,us
2016-02-21T02:29:05.880Z,6.9145,126.7269,85.53,4.6,mb,,53,1.149,0.8,us,us10004rgi,2016-03-12T23:04:07.986Z,"34km ESE of Tarragona, Philippines",earthquake,7.5,6.7,0.098,31,reviewed,us,us
2016-02-21T02:26:21.970Z,4.5327,-32.671,10,5,mb,,33,10.785,0.65,us,us10004rgh,2016-03-01T04:04:11.588Z,"Central Mid-Atlantic Ridge",earthquake,9.5,1.8,0.034,271,reviewed,us,us
2016-02-21T02:20:30.250Z,4.5691,-32.6862,10,4.8,mb,,73,10.814,0.69,us,us10004scy,2016-03-12T23:56:58.815Z,"Central Mid-Atlantic Ridge",earthquake,6.6,1.8,0.081,47,reviewed,us,us
2016-02-21T02:15:44.760Z,4.5302,-32.7061,10,4.9,mb,,95,13.705,0.98,us,us10004sdk,2016-03-01T04:15:35.642Z,"Central Mid-Atlantic Ridge",earthquake,12,1.9,0.086,43,reviewed,us,us
2016-02-21T02:14:17.300Z,4.1172,-32.6172,10,4.7,mb,,69,21.795,0.63,us,us10004sdl,2016-03-01T04:19:48.247Z,"Central Mid-Atlantic Ridge",earthquake,14,1.9,0.079,49,reviewed,us,us
2016-02-21T01:26:02.240Z,4.686,-32.6366,10,5.3,mb,,17,10.94,0.58,us,us10004rga,2016-02-29T03:28:12.860Z,"Central Mid-Atlantic Ridge",earthquake,9.4,1.8,0.025,536,reviewed,us,us
2016-02-21T01:25:17.460Z,11.2531,126.0768,49.1,4.7,mb,,107,4.185,0.93,us,us10004scw,2016-02-29T23:26:25.882Z,"44km NE of Sulangan, Philippines",earthquake,10.4,8,0.093,35,reviewed,us,us
2016-02-21T01:04:25.960Z,8.0613,-38.4475,10,4.9,mb,,43,14.029,0.75,us,us10004rg8,2016-02-28T23:19:54.647Z,"Central Mid-Atlantic Ridge",earthquake,8.6,1.9,0.04,195,reviewed,us,us
2016-02-20T22:42:09.160Z,-3.6002,141.3699,10,5,mb,,63,8.143,0.78,us,us10004rfq,2016-02-21T00:25:14.326Z,"102km S of Vanimo, Papua New Guinea",earthquake,8.2,1.9,0.074,58,reviewed,us,us
2016-02-20T21:34:03.100Z,-19.161,-177.3478,548.69,4.8,mb,,125,7.469,0.79,us,us10004rfl,2016-02-21T05:36:33.046Z,"217km NE of Ndoi Island, Fiji",earthquake,13.7,8.2,0.075,55,reviewed,us,us
2016-02-20T18:23:01.440Z,-32.4824,-69.8374,115.86,4.5,mwr,,66,0.664,1.27,us,us10004reu,2016-02-23T17:26:35.418Z,"81km ENE of Los Andes, Chile",earthquake,5.4,4.1,0.068,21,reviewed,us,us
2016-02-20T17:59:50.270Z,-34.381,179.3357,159.91,4.5,mb,,145,3.282,0.57,us,us10004rhc,2016-02-23T16:47:28.422Z,"South of the Kermadec Islands",earthquake,12.1,8.3,0.124,21,reviewed,us,us
2016-02-20T17:48:30.110Z,5.2125,-32.5346,14.95,4.8,mb,,128,13.08,0.67,us,us10004rew,2016-02-23T16:16:27.201Z,"Central Mid-Atlantic Ridge",earthquake,11.9,4.8,0.068,67,reviewed,us,us
2016-02-20T16:48:25.940Z,4.8333,-32.6181,10,5.1,mb,,128,25.422,0.96,us,us10004rel,2016-02-21T00:50:54.695Z,"Central Mid-Atlantic Ridge",earthquake,14.1,1.9,0.073,61,reviewed,us,us
2016-02-20T16:39:10.290Z,51.6487,-175.5336,64.85,4.5,mb,,195,0.752,0.93,us,us10004rei,2016-03-02T02:34:56.059Z,"81km ESE of Adak, Alaska",earthquake,10.4,8.4,0.074,54,reviewed,us,us
2016-02-20T15:56:16.200Z,-21.8918,-179.4298,579.66,5.2,mb,,96,7.446,0.74,us,us10004re6,2016-02-20T23:58:50.824Z,"156km SSW of Ndoi Island, Fiji",earthquake,12.1,8.9,0.051,129,reviewed,us,us
2016-02-20T15:51:22.810Z,-21.9139,-179.359,579.39,5.8,mb,,85,7.413,0.94,us,us10004rdp,2016-02-21T03:56:18.000Z,"155km SSW of Ndoi Island, Fiji",earthquake,8,8.1,0.06,102,reviewed,us,us
2016-02-20T14:59:58.650Z,4.505,-32.5457,10,5.1,mb,,90,27.64,0.54,us,us10004rde,2016-02-20T23:02:30.186Z,"Central Mid-Atlantic Ridge",earthquake,13.2,1.9,0.108,28,reviewed,us,us
2016-02-20T14:54:20.410Z,5.0102,-32.6824,10,4.9,mb,,149,13.328,0.85,us,us10004rda,2016-02-20T22:56:56.503Z,"Central Mid-Atlantic Ridge",earthquake,14.6,1.9,0.087,42,reviewed,us,us
2016-02-20T14:38:41.480Z,-22.3474,179.2886,595.52,5.1,mb,,99,10.603,0.78,us,us10004rd8,2016-02-20T22:41:27.533Z,"280km SW of Ndoi Island, Fiji",earthquake,11.6,9.1,0.061,87,reviewed,us,us
2016-02-20T13:58:17.840Z,4.9832,-32.5833,10,4.9,mb,,147,13.284,1.02,us,us10004rcw,2016-02-20T22:01:01.766Z,"Central Mid-Atlantic Ridge",earthquake,14.6,1.9,0.09,39,reviewed,us,us
2016-02-20T13:50:49.390Z,4.6428,-32.5624,10,4.8,mb,,132,18.172,0.94,us,us10004rcm,2016-02-20T21:53:49.768Z,"Central Mid-Atlantic Ridge",earthquake,14.8,1.9,0.103,30,reviewed,us,us
2016-02-20T13:42:15.100Z,4.5745,-32.6203,10,4.9,mb,,143,18.257,0.93,us,us10004rcl,2016-02-20T21:45:20.920Z,"Central Mid-Atlantic Ridge",earthquake,14.4,1.9,0.093,37,reviewed,us,us
2016-02-20T13:25:25.170Z,-29.1241,-179.1507,341.94,4.6,mb,,138,1.075,0.79,us,us10004rcc,2016-02-20T21:28:03.337Z,"122km W of Raoul Island, New Zealand",earthquake,13.5,8.2,0.098,31,reviewed,us,us
2016-02-20T12:56:38.180Z,38.0872,74.1415,183.05,4.5,mb,,65,2.042,0.92,us,us10004rc3,2016-03-04T13:37:45.700Z,"17km ESE of Murghob, Tajikistan",earthquake,7.4,6.3,0.072,57,reviewed,us,us
2016-02-20T12:53:41.450Z,4.6546,-32.653,10,4.9,mb,,40,25.259,0.67,us,us10004s3h,2016-03-04T13:33:32.887Z,"Central Mid-Atlantic Ridge",earthquake,12.5,1.8,0.087,41,reviewed,us,us
2016-02-20T12:48:06.920Z,4.5653,-32.7198,10,4.8,mb,,50,10.802,1,us,us10004rca,2016-03-04T13:15:05.487Z,"Central Mid-Atlantic Ridge",earthquake,11.3,1.8,0.059,88,reviewed,us,us
2016-02-20T12:44:24.090Z,-2.8018,128.1513,47.84,4.6,mb,,91,3.635,1.01,us,us10004rbx,2016-03-04T13:08:36.244Z,"29km N of Piru, Indonesia",earthquake,8.8,7.3,0.105,27,reviewed,us,us
2016-02-20T12:33:42.720Z,4.4473,-32.5085,10,4.8,mb,,51,10.754,0.44,us,us10004s3f,2016-03-04T13:03:42.703Z,"Central Mid-Atlantic Ridge",earthquake,8.2,1.8,0.122,21,reviewed,us,us
2016-02-20T12:31:03.190Z,-56.1587,-122.9544,14.36,4.7,mb,,89,34.023,0.44,us,us10004s3e,2016-03-04T12:48:26.283Z,"Southern East Pacific Rise",earthquake,17.8,4.2,0.152,13,reviewed,us,us
2016-02-20T11:31:40.050Z,8.5556,-83.6825,4.8,4.8,mb,,84,0.22,1.27,us,us10004rbq,2016-03-04T12:51:43.682Z,"48km SSW of Ciudad Cortes, Costa Rica",earthquake,5.5,4.2,0.058,92,reviewed,us,us
2016-02-20T11:11:42.390Z,-21.2564,-179.0149,611.76,4.7,mb,,76,4.455,0.76,us,us10004s3t,2016-03-04T09:06:54.430Z,"74km SSW of Ndoi Island, Fiji",earthquake,14.7,8.6,0.166,11,reviewed,us,us
2016-02-20T11:08:37.140Z,-7.4385,128.1651,137.21,5.1,mb,,21,3.152,1.08,us,us10004rbl,2016-03-04T08:57:26.295Z,"Kepulauan Barat Daya, Indonesia",earthquake,7.6,5.4,0.068,70,reviewed,us,us
2016-02-20T10:21:41.960Z,46.4079,140.8183,14.91,4.5,mb,,84,1.446,0.7,us,us10004rbi,2016-03-11T14:08:39.019Z,"80km WSW of Gornozavodsk, Russia",earthquake,6.5,3.1,0.099,30,reviewed,us,us
2016-02-20T07:25:38.310Z,-5.8873,148.2932,92.18,4.5,mb,,46,3.67,0.98,us,us10004s39,2016-03-12T12:35:08.808Z,"92km NNE of Finschhafen, Papua New Guinea",earthquake,10.4,7.3,0.115,22,reviewed,us,us
2016-02-20T03:23:25.440Z,-6.7742,102.222,24.26,4.7,mb,,103,5.006,0.67,us,us10004r9f,2016-02-20T11:26:04.308Z,"256km SW of Biha, Indonesia",earthquake,9.1,6.5,0.106,27,reviewed,us,us
2016-02-20T02:05:49.840Z,-15.7296,-71.8033,10,5,mb,,126,2.975,0.9,us,us10004r90,2016-02-20T10:08:33.438Z,"23km WSW of Chivay, Peru",earthquake,5.8,1.7,0.048,139,reviewed,us,us
2016-02-20T01:26:33.320Z,-3.0432,129.4154,14.88,5.1,mb,,55,2.832,0.64,us,us10004r8u,2016-02-20T09:29:14.060Z,"64km ENE of Amahai, Indonesia",earthquake,7.1,4.5,0.075,57,reviewed,us,us
2016-02-20T00:47:01.570Z,-5.1783,154.0053,147.03,4.6,mb,,173,2.081,0.65,us,us10004r8k,2016-03-04T05:09:52.286Z,"133km SE of Taron, Papua New Guinea",earthquake,12.3,8.7,0.107,26,reviewed,us,us
2016-02-19T21:50:49.360Z,-45.7308,-77.6806,10,4.7,mwr,,153,3.888,0.84,us,us10004r6c,2016-03-04T02:42:36.280Z,"Off the coast of Aisen, Chile",earthquake,9.9,1.9,0.093,11,reviewed,us,us
2016-02-19T17:07:03.080Z,-59.9021,-28.6675,206.26,4.8,mb,,98,13.844,0.52,us,us10004r42,2016-02-20T16:13:57.054Z,"155km SW of Bristol Island, South Sandwich Islands",earthquake,8.4,10.9,0.085,43,reviewed,us,us
2016-02-19T16:02:13.770Z,-4.131,152.9181,48.33,4.9,mb,,119,0.754,0.52,us,us10004r3n,2016-02-20T00:04:52.226Z,"39km NNW of Taron, Papua New Guinea",earthquake,9.2,8.6,0.122,21,reviewed,us,us
2016-02-19T13:13:52.390Z,37.2438,142.2397,19.02,5.1,mww,,43,1.31,0.89,us,us10004r0w,2016-03-04T08:29:57.342Z,"112km ESE of Namie, Japan",earthquake,6,3.4,,,reviewed,us,us
2016-02-19T10:52:53.390Z,2.2173,128.8786,59.9,4.5,mb,,112,2.084,0.98,us,us10004r0h,2016-02-19T18:55:26.715Z,"110km ENE of Tobelo, Indonesia",earthquake,9.2,8.2,0.095,33,reviewed,us,us
2016-02-19T08:13:26.710Z,39.2427,143.6016,26.51,4.5,mb,,135,2.596,0.97,us,us10004qzw,2016-03-11T13:24:17.897Z,"144km E of Yamada, Japan",earthquake,8.1,5.5,0.096,32,reviewed,us,us
2016-02-19T05:33:08.310Z,-30.5898,-71.5732,22.93,4.9,mww,,79,0.099,0.74,us,us10004qzj,2016-03-11T11:56:35.722Z,"35km W of Ovalle, Chile",earthquake,3.3,4.3,,,reviewed,us,us
2016-02-19T05:29:27.500Z,-15.6306,-177.5343,413.4,4.6,mb,,64,4.722,0.68,us,us10004qzk,2016-03-11T11:41:41.744Z,"162km SSE of Sigave, Wallis and Futuna",earthquake,12.5,7.3,0.079,48,reviewed,us,us
2016-02-19T05:16:19.390Z,-31.332,-178.3309,57.69,4.8,mb,,125,2.109,0.8,us,us10004qzg,2016-03-11T11:40:23.019Z,"55km ENE of L'Esperance Rock, New Zealand",earthquake,10.9,3.7,0.102,30,reviewed,us,us
2016-02-19T04:42:39.030Z,13.798,-88.843,198.6,5,mb,,68,0.393,1.13,us,us10004qz4,2016-02-19T12:45:25.272Z,"7km N of San Sebastian, El Salvador",earthquake,7.8,6.6,0.031,329,reviewed,us,us
2016-02-19T01:50:18.950Z,35.6346,140.243,53.18,4.5,mb,,113,0.596,1.14,us,us10004qya,2016-02-24T04:35:49.977Z,"6km WSW of Yachimata, Japan",earthquake,6.4,6.2,0.087,39,reviewed,us,us
2016-02-19T01:47:03.720Z,-45.3383,-77.7826,16.16,4.8,mb,,103,3.986,1.02,us,us10004qyl,2016-02-19T09:49:33.832Z,"Off the coast of Aisen, Chile",earthquake,12.1,4.5,0.093,37,reviewed,us,us
2016-02-19T00:35:48.690Z,-24.3276,-115.7459,10,4.9,mb,,186,6.351,1.19,us,us10004s1d,2016-03-05T04:47:04.411Z,"Southern East Pacific Rise",earthquake,14.6,2,0.087,41,reviewed,us,us
2016-02-18T20:50:04.380Z,13.0086,125.2747,35,4.6,mb,,144,10.996,0.81,us,us10004rrg,2016-03-07T18:24:13.846Z,"45km NNE of Cabodiongan, Philippines",earthquake,11.3,2,0.114,23,reviewed,us,us
2016-02-18T20:47:39.680Z,-5.499,152.7003,30.32,4.8,mb,,95,1.405,0.66,us,us10004qw5,2016-03-06T18:50:38.329Z,"119km SSW of Taron, Papua New Guinea",earthquake,6.1,2.4,0.07,63,reviewed,us,us
2016-02-18T20:29:39.540Z,17.2102,60.0573,10,5,mb,,115,6.145,1.03,us,us10004qvv,2016-03-06T18:43:11.946Z,"Owen Fracture Zone region",earthquake,9.1,1.9,0.055,104,reviewed,us,us
2016-02-18T17:49:22.010Z,12.4113,123.6636,10,4.6,mb,,132,3.142,0.85,us,us10004qt7,2016-03-06T16:21:35.659Z,"7km NE of Masbate, Philippines",earthquake,7.6,1.9,0.088,39,reviewed,us,us
2016-02-18T17:36:13.520Z,-5.3608,152.6235,44.36,4.8,mb,,115,1.249,0.81,us,us10004qsz,2016-03-06T16:20:15.738Z,"108km SSW of Taron, Papua New Guinea",earthquake,10.1,8.7,0.085,43,reviewed,us,us
2016-02-18T16:38:58.050Z,6.5318,126.9743,92.45,4.8,mb,,84,1.485,0.83,us,us10004qsr,2016-02-19T17:03:57.000Z,"80km ESE of Bobon, Philippines",earthquake,7.8,5.9,0.044,159,reviewed,us,us
2016-02-18T11:14:17.900Z,-3.0947,129.4852,43.39,4.5,mb,,75,2.765,1.26,us,us10004qrp,2016-02-18T19:16:51.542Z,"68km ENE of Amahai, Indonesia",earthquake,8.7,8.8,0.111,24,reviewed,us,us
2016-02-18T09:55:14.270Z,48.9438,154.8815,70.31,4.8,mb,,136,4.532,0.63,us,us10004qrg,2016-02-18T17:57:47.164Z,"212km SSW of Severo-Kuril'sk, Russia",earthquake,3.8,7.1,0.057,96,reviewed,us,us
2016-02-18T09:18:42.230Z,-20.3165,-69.2314,102.75,4.5,mb,,48,0.189,0.76,us,us10004qra,2016-02-18T10:01:11.143Z,"95km E of Iquique, Chile",earthquake,5.9,4.5,0.113,23,reviewed,us,us
2016-02-18T01:18:33.740Z,23.0296,120.9179,10,4.7,mwr,,91,0.258,0.94,us,us10004qp8,2016-02-18T08:30:35.794Z,"37km NW of Taitung City, Taiwan",earthquake,2,1.9,0.063,24,reviewed,us,us
2016-02-18T01:09:41.380Z,23.0544,120.9381,10,4.9,mwr,,88,0.269,1.22,us,us10004qp3,2016-02-18T01:56:33.109Z,"38km NNW of Taitung, Taiwan",earthquake,2.2,1.9,0.066,22,reviewed,us,us
2016-02-18T01:07:14.070Z,-56.2123,-27.6226,119.26,5.8,mb,,51,5.427,1.05,us,us10004qp2,2016-02-21T03:56:17.000Z,"60km NNW of Visokoi Island, South Georgia and the South Sandwich Islands",earthquake,9.6,5.2,0.065,86,reviewed,us,us
2016-02-17T23:58:06.200Z,39.046,71.2398,46.67,4.7,mb,,53,1.987,1.21,us,us10004qnt,2016-02-18T08:00:50.757Z,"32km SW of Karakenja, Tajikistan",earthquake,6,4,0.072,58,reviewed,us,us
2016-02-17T19:26:55.410Z,-3.5091,101.4852,53.65,4.7,mb,,76,3.265,0.76,us,us10004qkp,2016-03-06T16:19:15.910Z,"92km WNW of Bengkulu, Indonesia",earthquake,7.5,6.5,0.091,37,reviewed,us,us
2016-02-17T17:34:08.830Z,5.365,94.4991,53.57,4.8,mb,,136,2.441,0.69,us,us200050wg,2016-03-06T19:14:14.943Z,"93km WSW of Banda Aceh, Indonesia",earthquake,8.7,7.2,0.085,43,reviewed,us,us
2016-02-17T17:26:02.380Z,0.861,129.0601,10,6,mww,,22,1.695,1,us,us200050wc,2016-03-07T23:07:54.840Z,"151km SE of Tobelo, Indonesia",earthquake,6.6,1.7,,,reviewed,us,us
2016-02-17T15:50:37.270Z,-14.8761,167.3872,123.47,4.7,mb,,155,0.594,0.76,us,us10004r2p,2016-02-26T00:45:27.407Z,"41km ENE of Port-Olry, Vanuatu",earthquake,13.1,6.1,0.148,14,reviewed,us,us
2016-02-17T15:48:17.440Z,7.1014,126.8213,65.21,4.7,mb,,87,1.233,0.84,us,us200050w2,2016-02-26T00:41:52.514Z,"33km ESE of Manay, Philippines",earthquake,5.4,6.3,0.073,57,reviewed,us,us
2016-02-17T15:36:38.360Z,-10.2922,161.1234,72.95,4.5,mb,,108,1.435,0.54,us,us10004r2m,2016-02-26T00:33:15.614Z,"89km WNW of Kirakira, Solomon Islands",earthquake,10.6,8.1,0.124,19,reviewed,us,us
2016-02-17T15:26:29.560Z,-13.0898,66.6307,10,4.7,mb,,72,19.548,1.01,us,us200050vz,2016-02-26T00:25:13.793Z,"Mid-Indian Ridge",earthquake,12.4,1.8,0.097,32,reviewed,us,us
2016-02-17T12:23:25.470Z,-30.4826,-177.718,10,4.8,mb,,132,1.246,0.74,us,us10004r2s,2016-03-11T06:23:29.813Z,"135km S of Raoul Island, New Zealand",earthquake,10.5,1.9,0.119,22,reviewed,us,us
2016-02-17T11:15:24.100Z,-20.8953,-175.2744,10,4.9,mb,,101,5.344,1.01,us,us200050u6,2016-03-11T05:49:07.294Z,"27km NNW of Nuku`alofa, Tonga",earthquake,9.3,1.8,0.084,44,reviewed,us,us
2016-02-17T10:54:11.240Z,-31.2139,-71.6783,36.24,4.8,mb,,120,0.539,1.02,us,us200050u4,2016-03-10T14:12:29.022Z,"67km NW of Illapel, Chile",earthquake,2,5.2,0.119,22,reviewed,us,us
2016-02-17T08:47:48.050Z,-21.2593,-177.9893,474.64,4.7,mb,,97,5.114,0.52,us,us200050tu,2016-02-17T16:50:21.137Z,"100km SE of Ndoi Island, Fiji",earthquake,15.1,11.3,0.101,30,reviewed,us,us
2016-02-17T07:44:24.630Z,-30.5519,-177.6173,10,5.1,mb,,121,1.33,1.39,us,us200050ti,2016-02-17T15:46:56.053Z,"145km S of Raoul Island, New Zealand",earthquake,9.7,1.8,0.065,76,reviewed,us,us
2016-02-17T07:32:11.940Z,4.7328,127.8612,71.49,4.8,mb,,144,3.965,0.49,us,us200050td,2016-02-17T15:34:45.905Z,"259km SE of Pondaguitan, Philippines",earthquake,6.8,9,0.103,29,reviewed,us,us
2016-02-17T05:31:23.120Z,-4.6203,152.5368,58.3,4.7,mb,,101,0.565,0.59,us,us200050t6,2016-02-17T13:33:52.735Z,"42km SE of Kokopo, Papua New Guinea",earthquake,10.2,8.1,0.091,37,reviewed,us,us
2016-02-17T02:54:54.440Z,-62.4201,164.722,10,4.8,mb,,160,8.495,1.36,us,us10004r2f,2016-02-26T00:09:01.800Z,"Balleny Islands region",earthquake,13.7,1.5,0.148,14,reviewed,us,us
2016-02-16T23:48:35.670Z,-55.7848,-125.1669,13,6.1,mww,,71,30.842,1.19,us,us200050pj,2016-02-25T03:23:55.206Z,"Southern East Pacific Rise",earthquake,12,1.8,,,reviewed,us,us
2016-02-16T23:06:59.910Z,26.2317,93.5056,40.46,4.7,mb,,63,1.626,0.66,us,us200050p4,2016-02-25T01:34:37.182Z,"30km W of Silapathar, India",earthquake,8.6,5.5,0.061,81,reviewed,us,us
2016-02-16T23:04:26.900Z,37.2023,-118.4035,15.1,4.8,Mw,52,104.4,0.1176793,0.07,nc,nc72592670,2016-03-08T21:45:45.643Z,"10km WNW of Big Pine, California",earthquake,0.3,0.6,,6,reviewed,nc,nc
2016-02-16T22:23:50.700Z,-15.6653,-72.8943,80.14,4.5,mb,,95,3.633,0.92,us,us200050nh,2016-03-13T01:55:09.578Z,"73km SW of Orcopampa, Peru",earthquake,8.6,6.3,0.093,34,reviewed,us,us
2016-02-16T21:29:38.800Z,-10.4684,111.3514,10,4.6,mb,,102,2.668,0.64,us,us200050n4,2016-03-13T00:58:50.694Z,"241km S of Ngulung Wetan, Indonesia",earthquake,7.8,1.9,0.107,26,reviewed,us,us
2016-02-16T20:05:22.340Z,-33.031,-15.8741,10,4.8,mb,,86,32.892,0.56,us,us10004r1r,2016-02-19T20:19:04.484Z,"Southern Mid-Atlantic Ridge",earthquake,11.7,1.5,0.149,14,reviewed,us,us
2016-02-16T19:07:15.120Z,-4.6583,152.6329,49.32,5,mb,,74,0.659,1.32,us,us200050mj,2016-02-19T18:44:00.412Z,"49km WSW of Taron, Papua New Guinea",earthquake,3.9,5.4,0.047,141,reviewed,us,us
2016-02-16T17:45:39.790Z,-14.2542,172.4826,613.15,4.5,mb,,83,5.241,0.67,us,us200050m6,2016-03-12T22:24:12.377Z,"Vanuatu region",earthquake,8.6,9.1,0.106,26,reviewed,us,us
2016-02-16T16:50:52.090Z,-30.2238,-71.3306,49.67,4.5,mb,,156,0.314,0.88,us,us200050lr,2016-02-17T00:53:36.390Z,"30km S of Coquimbo, Chile",earthquake,8,8.1,0.543,1,reviewed,us,us
2016-02-16T15:27:19.120Z,-18.1025,-175.0637,246.63,4.8,mb,,70,4.967,0.99,us,us200050kq,2016-02-16T23:29:51.275Z,"129km WNW of Neiafu, Tonga",earthquake,10.1,7.5,0.06,86,reviewed,us,us
2016-02-16T15:05:48.680Z,-7.2494,106.9886,126.71,4.8,mb,,63,3.431,1.15,us,us200050kh,2016-02-16T23:09:22.560Z,"0km ESE of Babakan, Indonesia",earthquake,7.2,6.7,0.065,73,reviewed,us,us
2016-02-16T14:14:11.880Z,-20.8594,-175.4591,10,4.5,mb,,119,5.497,1.17,us,us10004r1i,2016-03-14T14:19:02.951Z,"40km NW of Nuku`alofa, Tonga",earthquake,7.9,1.9,0.191,8,reviewed,us,us
2016-02-16T12:01:42.600Z,15.5705,-104.8367,56.75,4.8,mb,,198,5.317,1.07,us,us200050j5,2016-02-16T20:04:21.333Z,"Off the coast of Michoacan, Mexico",earthquake,11.3,8.2,0.033,291,reviewed,us,us
2016-02-16T10:46:27.440Z,-16.4854,-73.6362,10.37,5.4,mb,,132,3.661,1.14,us,us200050iw,2016-02-17T15:42:38.000Z,"99km W of Camana, Peru",earthquake,7.5,4.2,0.03,389,reviewed,us,us
2016-02-16T05:14:55.690Z,2.274,125.3654,133.95,4.6,mb,,87,2.495,1.11,us,us200050ht,2016-02-16T13:18:06.190Z,"93km NNE of Bitung, Indonesia",earthquake,9,8,0.091,36,reviewed,us,us
2016-02-16T04:04:56.830Z,23.0176,121.0442,10,4.8,mb,,96,0.201,1.1,us,us200050he,2016-02-16T12:07:27.693Z,"30km NNW of Taitung City, Taiwan",earthquake,6.6,1.9,0.061,84,reviewed,us,us
2016-02-16T02:46:01.220Z,22.9822,121.0726,10,4.6,mb,,97,0.163,1.23,us,us200050h7,2016-02-16T03:05:28.807Z,"25km NNW of Taitung City, Taiwan",earthquake,7,1.9,0.107,26,reviewed,us,us
2016-02-15T21:53:30.850Z,1.2427,-85.2811,10,4.6,mb,,85,5.354,0.87,us,us200050fd,2016-02-23T05:53:37.072Z,"Off the coast of Ecuador",earthquake,7.9,1.9,0.058,89,reviewed,us,us
2016-02-15T21:25:59.570Z,-8.2306,159.278,53.16,4.7,mb,,52,1.37,0.83,us,us200050fa,2016-02-23T05:36:34.080Z,"33km SE of Dadali, Solomon Islands",earthquake,10.1,7.3,0.075,54,reviewed,us,us
2016-02-15T19:28:04.180Z,-49.048,164.483,10,5.9,mww,,49,3.244,0.83,us,us200050ei,2016-03-06T19:06:28.520Z,"220km NNW of Auckland Island, New Zealand",earthquake,9.1,1.7,,,reviewed,us,us
2016-02-15T18:55:02.030Z,37.5665,21.7826,28.63,5.3,mww,,37,0.403,1.13,us,us200050cf,2016-03-08T00:21:49.254Z,"14km NE of Zakharo, Greece",earthquake,5.5,4,,,reviewed,us,us
2016-02-15T15:14:30.350Z,5.8783,125.1948,47.75,4.7,mb,,105,1.243,0.66,us,us10004qts,2016-03-09T17:55:30.825Z,"3km NW of Glan Peidu, Philippines",earthquake,7.2,5.7,0.064,74,reviewed,us,us
2016-02-15T15:09:39.570Z,-21.3428,-175.4516,17.73,4.6,mb,,222,7.093,0.47,us,us10004qtq,2016-03-09T15:28:43.940Z,"30km WSW of Vaini, Tonga",earthquake,20.9,9.8,0.164,11,reviewed,us,us
2016-02-15T15:02:32.890Z,-20.9997,-175.4739,10,6,mww,,47,5.554,0.66,us,us200050a6,2016-03-09T15:13:14.338Z,"31km WNW of Havelu, Tonga",earthquake,8.9,1.8,,,reviewed,us,us
2016-02-15T13:14:25.150Z,9.36,-70.3686,5,4.5,mb,,38,0.54,0.88,us,us2000509i,2016-03-08T21:25:57.651Z,"7km E of Trujillo, Venezuela",earthquake,5.2,1.9,0.135,16,reviewed,us,us
2016-02-15T12:20:03.400Z,18.3582,146.1665,119.64,4.5,mb,,98,3.121,0.79,us,us10004qti,2016-02-27T09:03:45.119Z,"49km ENE of Pagan, Northern Mariana Islands",earthquake,11.5,7.6,0.085,41,reviewed,us,us
2016-02-15T01:06:13.050Z,-30.3042,-177.6382,35,4.6,mb,,188,1.085,0.92,us,us10004qt9,2016-02-23T04:26:52.634Z,"117km SSE of Raoul Island, New Zealand",earthquake,10.6,2,0.146,14,reviewed,us,us
2016-02-14T19:12:22.230Z,24.8377,123.3064,43.98,4.8,mb,,149,0.456,0.76,us,us2000506f,2016-02-15T03:14:56.186Z,"51km NE of Yonakuni, Japan",earthquake,11.4,8.1,0.148,14,reviewed,us,us
2016-02-14T18:09:26.460Z,30.3018,138.8501,412.8,5.7,mb,,93,2.922,0.88,us,us2000505t,2016-02-17T15:43:18.000Z,"Izu Islands, Japan region",earthquake,10.2,9.1,0.064,88,reviewed,us,us
2016-02-14T17:17:28.500Z,12.1488,-88.0554,58.73,4.5,mb,,194,1.122,0.91,us,us2000505p,2016-02-15T01:20:14.459Z,"93km SW of Jiquilillo, Nicaragua",earthquake,8.7,12.4,0.104,27,reviewed,us,us
2016-02-14T16:33:20.660Z,12.1181,-88.0661,10,4.6,mb,,173,1.147,0.71,us,us2000505a,2016-03-08T20:01:45.948Z,"96km SW of Jiquilillo, Nicaragua",earthquake,6.4,1.9,0.059,86,reviewed,us,us
2016-02-14T15:26:28.010Z,-1.0923,-13.6821,10,4.9,mb,,48,6.828,0.73,us,us20005055,2016-03-08T19:58:48.114Z,"North of Ascension Island",earthquake,10.6,1.9,0.083,46,reviewed,us,us
2016-02-14T14:12:42.420Z,-15.367,-173.2191,10,4.5,mb,,84,2.011,0.64,us,us10004qjj,2016-03-08T17:14:40.528Z,"86km NE of Hihifo, Tonga",earthquake,10.6,1.8,0.069,62,reviewed,us,us
2016-02-14T12:46:03.360Z,-16.4495,-173.9486,55.42,4.7,mb,,83,3.282,0.61,us,us10004qje,2016-02-27T07:49:46.515Z,"59km SSW of Hihifo, Tonga",earthquake,9.9,6,0.126,19,reviewed,us,us
2016-02-14T11:08:23.490Z,-17.8137,-178.6335,561.76,4.5,mb,,112,3.158,1.01,us,us10004qjs,2016-02-26T13:34:32.066Z,"261km SE of Lambasa, Fiji",earthquake,13.9,7.5,0.094,33,reviewed,us,us
2016-02-14T09:05:56.720Z,-16.6357,168.6169,146.78,4.5,mb,,269,4.321,0.86,us,us10004qj9,2016-02-26T09:38:27.431Z,"125km NNE of Port-Vila, Vanuatu",earthquake,16.3,12.8,0.171,10,reviewed,us,us
2016-02-14T08:18:59.510Z,14.3446,-90.3038,166.91,4.6,mb,,121,0.915,1.02,us,us10004qj7,2016-03-10T09:24:05.877Z,"4km S of Santa Rosa de Lima, Guatemala",earthquake,7.4,7.2,0.092,35,reviewed,us,us
2016-02-14T07:33:50.000Z,56.624,-156.4177,56,4.5,ml,159,75.5999939520005,,0.77,ak,ak12813055,2016-03-10T10:07:30.241Z,"101km NNW of Chirikof Island, Alaska",earthquake,0.4,0.8,,,reviewed,ak,ak
2016-02-14T07:31:20.640Z,54.0438,158.5523,163.01,4.5,mb,,140,1.024,0.5,us,us20005038,2016-03-09T12:10:30.341Z,"96km N of Yelizovo, Russia",earthquake,13.6,6.5,0.15,14,reviewed,us,us
2016-02-14T07:10:45.870Z,-17.4196,-171.8895,22.83,5.3,mb,,38,2.488,0.79,us,us2000502w,2016-03-09T09:55:13.460Z,"256km SE of Hihifo, Tonga",earthquake,7.6,3.3,0.037,249,reviewed,us,us
2016-02-14T00:13:44.260Z,-43.4808,172.7576,8.85,5.8,mww,,33,0.237,0.88,us,us20005019,2016-03-12T05:05:25.900Z,"11km ENE of Christchurch, New Zealand",earthquake,2.2,2.8,,,reviewed,us,us
