YEAR,MONTH,DAY,HOUR,MINUTE,SECOND,COUNTRY,STATE,LOCATION_NAME,LATITUDE,LONGITUDE,MAXIMUM_WATER_HEIGHT,ABE,IIDA,SOLOVIEV
1900,9,17,21,45,,PAPUA NEW GUINEA,,RABAUL HARBOR,-5,148,3,,,1.5
1900,10,29,9,11,,VENEZUELA,,MANCUTO,11,-66,10,,,
1901,3,31,7,12,,BULGARIA,,BLACK SEA,43.4,28.5,3,,,
1901,6,24,,,,JAPAN,,RYUKYU ISLANDS,28,130.3,0.25,,-2.3,-1.5
1901,8,9,9,23,30,JAPAN,,OFF NORTHEAST COAST HONSHU,40.5,142.5,0.6,,0,-0.5
1901,8,9,13,1,,NEW CALEDONIA,,LOYALTY ISLANDS,-22,170,1.2,,-0.7,
1901,8,9,18,33,45,JAPAN,,OFF NORTHEAST COAST HONSHU,40.6,142.3,0.25,,-1,-1
1901,8,9,20,0,,JAPAN,,OFF NORTHEAST COAST HONSHU,40.5,142.5,0.02,,-1,
1901,10,8,2,16,,NICARAGUA,,NICARAGUA,11,-86.5,1.5,,,
1902,2,26,,,,EL SALVADOR,,EL SALVADOR-GUATEMALA,13.5,-89.5,5,,2.3,2
1902,5,5,,,,MARTINIQUE (FRENCH TERRITORY),,MOUNT PELEE,14.82,-61.17,5,,,
1902,5,7,,,,SAINT VINCENT AND THE GRENADINES,,SOUFRIERE VOLCANO,13.33,-61.18,1,,,
1902,8,30,,,,MARTINIQUE (FRENCH TERRITORY),,MOUNT PELEE,14.82,-61.17,1,,,
1903,2,10,2,28,,USA TERRITORY,GU,"GUAM, MARIANA ISLANDS",14,143.3,0.15,,,2
1903,3,30,,,,INDONESIA,,BANDA SEA,-3,127.5,1,,-0.5,0
1905,1,16,,,,NORWAY,,LOEN,61.866,6.85,40.5,,,
1905,7,4,,,,USA,AK,"DISENCHANTMENT BAY, AK",60,-139.58,33.53,,5.1,2.5
1905,9,8,1,43,,ITALY,,CALABRIAN ARC,39,16,1.3,,,4
1905,10,4,22,29,,RUSSIA,,BLACK SEA,44.5,37.5,0.5,,-1,2
1906,1,31,15,35,51,ECUADOR,,OFF COAST,1,-81.5,5,,1,3
1906,2,7,,,,ECUADOR,,COLOMBIA-ECUADOR,1,-81,0.25,,,0.5
1906,4,4,,,,ITALY,,TYRRHENIAN SEA,40.821,14.426,0.4,,,3
1906,4,18,13,12,0,USA,CA,N. CALIFORNIA,37.7,-122.5,0.1,,-3.3,-4
1906,8,7,,,,USA,CA,S. CALIFORNIA,33.9,-117,0.02,,,
1906,8,17,0,40,,CHILE,,CENTRAL CHILE,-33,-72,3.5,,1.8,2
1906,9,14,16,4,18,PAPUA NEW GUINEA,,SOLOMON SEA,-7,149,1.5,,0.6,1.5
1906,10,2,1,50,,PAPUA NEW GUINEA,,BISMARCK SEA,-4,149,1.2,,,1.5
1907,1,14,21,36,,JAMAICA,,JAMAICA,18,-76.8,2.5,,1.3,
1907,3,29,20,46,30,INDONESIA,,"KARAKELONG, TALAUD ISLANDS",3,122,4,,2,2
1907,4,14,6,8,6,MEXICO,,S. MEXICO,17,-100,2,,1,
1907,9,24,12,58,0,USA,AK,"SKAGWAY, AK",59.5,-135.5,0.7,,-0.5,0
1907,10,6,,,,SAMOA,,MATAVANU VOLCANO,-13.612,-172.525,3.6,,,
1908,2,6,,,,INDONESIA,,SW. SUMATRA,-2,100,1.4,,0.5,1
1908,9,21,6,31,,USA,HI,HAWAII,19,-155,1.2,,-0.5,0
1908,12,28,4,20,27,ITALY,,"MESSINA STRAIT, IONIAN SEA",38.17,15.58,13,,,5
1909,3,7,,,,COOK ISLANDS,,RAROTONGA,-21,-159,3,,,
1909,7,30,10,51,54,MEXICO,,S. MEXICO,16.8,-99.8,9,,3.2,
1909,8,14,6,30,0,JAPAN,,"ANEGAWA, JAPAN",35.4,136.3,1.8,,1,
1911,1,30,,,,PHILIPPINES,,"TAAL, LUZON ISLAND",14.002,120.993,3,,,
1911,5,11,,,,TOGO,,GOLD COAST,6.1,1.2,5,,,
1912,6,8,4,42,,JAPAN,,SANRIKU,40.5,142,0.5,,-1,0
1913,2,22,1,6,,NEW ZEALAND,,TASMAN SEA,-41.8,171.5,1.5,,0.6,0.5
1913,10,11,4,6,3,PAPUA NEW GUINEA,,SOLOMON SEA,-7,148,0.1,,-3.3,
1914,1,12,9,28,,JAPAN,,SEIKAIDO,31.58,130.67,3,,1.6,-1
1914,1,12,,,,PERU,,CENTRAL PERU,-12,-76.6,1,,,1.5
1914,5,26,14,22,47.7,INDONESIA,,NW. IRIAN JAYA,-1.829,136.943,0.1,,1.5,2
1914,11,27,14,39,46,GREECE,,IONIAN SEA,38.8,20.6,3,,1.7,4
1915,2,11,,,,USA TERRITORY,AS,"MANUA ISLANDS, AMERICAN SAMOA",-14.18,-169.66,2.4,,,
1915,5,23,,,,INDONESIA,,KAIMANA,-3.644,133.695,0.5,,,0
1915,8,7,15,4,3,GREECE,,IONIAN SEA,38.5,20.7,1.5,,,3
1915,11,1,7,23,43,JAPAN,,SANRIKU,38.3,142.9,1,,,0.5
1916,1,1,13,20,49.3,PAPUA NEW GUINEA,,BISMARCK SEA,-4.739,152.548,4.5,,1.5,2
1916,4,26,2,21,52,PANAMA,,BOCAS DEL TORO,9.6,-82,1.3,,,
1916,7,3,23,21,41,ITALY,,STROMBOLI ISLAND,38.817,15.233,10,,,4
1917,1,20,23,11,34,INDONESIA,,BALI SEA,-7,116,2,,1,
1917,1,31,3,39,55,PHILIPPINES,,CELEBES SEA,6,125,1.5,,0.6,
1917,3,16,,,,INDONESIA,,JAVA,-3.7,116.6,1.5,,,1
1917,5,1,18,27,,NEW ZEALAND,,KERMADEC ISLANDS,-29.2,-177,0.3,,3.6,3
1917,5,6,12,19,,TAIWAN,,TAIWAN,23.2,121.6,0.5,,-1,-0.5
1917,6,26,5,49,42,SAMOA,,SAMOA ISLANDS,-15.5,-173,12.2,,3.6,3
1917,7,29,21,52,6,PAPUA NEW GUINEA,,BISMARCK SEA,-3,143.5,0.9,,,1
1917,11,16,3,19,28,NEW ZEALAND,,KERMADEC ISLANDS,-29,-177.5,2.5,,1.3,1
1917,12,6,13,4,,CANADA,NS,"HALIFAX, NOVA SCOTIA",44.633,-63.583,7,,,
1918,7,18,2,30,,INDONESIA,,SULAWESI,3.138,125.491,0.08,,,0
1918,8,15,12,18,12,PHILIPPINES,,CELEBES SEA,5.5,123,7.2,,2.8,2.5
1918,9,7,17,16,,RUSSIA,,S. KURIL ISLANDS,45.5,151.5,12,,3.6,3
1918,10,11,14,14,30,USA TERRITORY,PR,PUERTO RICO: MONA PASSAGE,18.5,-67.5,6.1,,2.6,
1918,11,8,4,38,,RUSSIA,,S. KURIL ISLANDS,44.5,151.5,0.5,,1,2
1918,12,4,11,47,48,CHILE,,NORTHERN CHILE,-26,-71,5,,2.3,2.5
1919,1,1,1,33,42,PHILIPPINES,,"MINDANAO ISLAND, PHILIPPINES",8,126,0.44,,-0.1,
1919,1,1,2,59,57,TONGA,,TONGA ISLANDS,-19.6,-176.6,0.4,,,
1919,4,3,,,,INDONESIA,,SULAWESI,3.138,125.491,5,,,
1919,4,30,7,17,17.3,TONGA,,TONGA ISLANDS,-18.352,-172.515,2.5,,1.3,1.5
1919,5,6,19,41,14.3,PAPUA NEW GUINEA,,SOLOMON SEA,-4.852,153.714,2.5,,2.6,1
1919,5,22,17,45,,ITALY,,STROMBOLI ISLAND,38.789,15.213,0.75,,,4
1919,10,2,,,,USA,HI,"ALIKA, HAWAII",19.23,-155.9,4.3,,,2
1920,1,29,,,,INDONESIA,,N. MOLUCCAS ISLANDS,0.87,122.92,2,,1,1
1920,8,20,16,15,38,CHILE,,CENTRAL CHILE,-38,-73.5,1.4,,0.5,1
1920,12,16,12,5,53,CHINA,,CHINA: GANSU AND SHANXI PROVINCES,36.7,104.9,0.75,,,
1921,5,14,11,17,45,INDONESIA,,MAKASSAR STRAIT,0.7,117.9,1,,,0.5
1921,9,11,4,1,38,INDONESIA,,JAVA,-11,111,0.1,,-2.3,-2
1922,1,19,21,58,50,PAPUA NEW GUINEA,,BISMARCK SEA,-7,143,1.8,,,
1922,2,27,20,39,50,PHILIPPINES,,CEBU ISLAND,10.2,124.1,0.7,,-0.5,0
1922,11,11,4,32,36,CHILE,,NORTHERN CHILE,-28.553,-70.755,9,,3.2,2.5
1922,12,25,3,33,10,NEW ZEALAND,,SE. NEW ZEALAND,-43,173,0.4,,,0
1923,1,22,9,4,18,USA,CA,N. CALIFORNIA,40.8,-124.5,0.1,,-2,
1923,2,3,16,1,41,RUSSIA,,KAMCHATKA,54,161,8,,3,
1923,2,17,,,,CHILE,,CENTRAL CHILE,-35.33,-72.42,1.5,,0.6,1.5
1923,3,4,,,,CHILE,,SAN FELIX ISLAND,-26.3,-80.1,35,,,4
1923,4,13,15,31,2,RUSSIA,,KAMCHATKA,56.5,162.5,20,,4.9,3.5
1923,6,1,17,24,0,JAPAN,,"KASHIMA, JAPAN",35.4,141.8,0.4,,-1.3,-1.5
1923,9,1,2,58,37,JAPAN,,SAGAMI BAY,35.1,139.5,13,,3.6,3
1923,9,2,2,46,40,JAPAN,,RYUKYU ISLANDS,34.9,140.2,0.3,,-1.7,-1.5
1924,8,8,,,,USA,NY,"CONEY ISLAND, NY",40.567,-73.983,4.6,,,
1925,1,8,,,,INDONESIA,,BANDA SEA,-8,115,1,,,0
1925,2,23,23,53,36,USA,AK,"GULF OF ALASKA, AK",60,-146,1.4,,0.5,1
1925,11,16,11,54,54,MEXICO,,S. MEXICO,18.5,-107,11,,3.5,3
1926,1,9,,,,USA,ME,"BERNARD, ME",44.233,-68.35,3,,,
1926,3,20,9,3,,USA,HI,HAWAII,20.5,-155.5,1.5,,0.6,
1926,9,16,17,59,15,SOLOMON ISLANDS,,SOLOMON ISLANDS,-9.674,159.519,2,,1,1.5
1927,3,7,9,27,,JAPAN,,SW. HONSHU ISLAND,35.6,135.1,11.3,,0.4,0.5
1927,6,26,11,20,48,UKRAINE,,"CRIMEA, BLACK SEA",44.4,34.4,0.7,,-0.5,2
1927,7,11,13,4,,ISRAEL,,DEAD SEA,32,35.5,1,,,
1927,8,5,21,13,1.1,JAPAN,,SANRIKU,37.9,142,0.1,,-3.3,
1927,8,18,19,28,,JAPAN,,"KASHIMA, JAPAN",34.2,142,0.4,,-1.3,
1927,9,11,22,15,48,UKRAINE,,"CRIMEA, BLACK SEA",44.4,34.5,1,,,2
1927,11,4,13,50,43,USA,CA,S. CALIFORNIA,34.813,-120.774,1.8,,1,1
1927,12,1,4,37,27,INDONESIA,,SULAWESI,-0.7,119.7,15,,3.9,3
1927,12,28,18,20,34.2,RUSSIA,,KAMCHATKA,55.663,160.039,2,,1,
1927,,,,,,NEW ZEALAND,,"TOLAGA BAY, NORTH ISLAND",-38.37,178.31,6.35,,,
1928,4,22,20,13,46,GREECE,,CORINTHOS-PATRAS GULF,38,23,0.6,,1.1,3
1928,5,27,9,50,0,JAPAN,,SANRIKU,40,143.2,0.45,,-2.3,-2
1928,6,17,3,19,33.1,MEXICO,,S. MEXICO,16.028,-97.036,0.2,,3,1
1928,8,4,,,,INDONESIA,,FLORES SEA,-8.32,121.708,10,,3.3,3
1928,12,1,4,6,12,CHILE,,CENTRAL CHILE,-35,-72,1.5,,0.6,0.5
1929,3,7,1,34,37.9,USA,AK,"FOX ISLANDS, ALEUTIAN ISLANDS, AK",50.88,-169.71,1,,,
1929,5,21,16,35,,JAPAN,,HIUGANADA,31.7,132.2,0.7,,-0.5,
1929,5,26,22,39,54,CANADA,BC,BRITISH COLUMBIA,51,-131,1.5,,0.6,0
1929,6,16,22,47,32,NEW ZEALAND,,TASMAN SEA,-41.75,172.25,2.5,,1.3,1.5
1929,8,9,,,,CHILE,,NORTHERN CHILE,-23.7,-70.4,7.5,,2,2.5
1929,11,18,20,32,,CANADA,NL,"GRAND BANKS, NEWFOUNDLAND",44.69,-56,13,,2.2,
1930,3,17,,,,INDONESIA,,KRAKATAU,-6.102,105.423,500,,,
1930,6,19,13,7,27,INDONESIA,,SOUTH OF JAVA,-5.6,105.3,1.5,,-0.5,
1930,7,19,15,20,12,INDONESIA,,SOUTH OF JAVA,-9.3,114.3,0.1,,-3.3,
1930,8,31,0,40,38,USA,CA,S. CALIFORNIA,34.03,-118.643,3.05,,-1,-0.5
1930,9,11,9,52,,ITALY,,STROMBOLI ISLAND,38.789,15.213,2.5,,,3
1930,11,5,,,,KENYA,,MOMBASA,-4.05,39.667,6,,,
1930,12,23,21,35,36,PAPUA NEW GUINEA,,BISMARCK SEA,-1.3,144.3,12,,3.4,1.5
1930,12,29,8,26,24,CHILE,,NORTHERN CHILE,-28.5,-71,1,,,0.5
1931,2,13,1,27,16,NEW ZEALAND,,N. NEW ZEALAND,-39.5,177,0.1,,,0
1931,3,9,3,49,0,JAPAN,,SANRIKU,41.2,142.5,0.4,,-1.3,-1
1931,8,19,,,,USA,NJ,"ATLANTIC CITY, NJ",39.35,-74.417,3,,,
1931,9,25,5,59,44,INDONESIA,,SW. SUMATRA,-5,102.75,1,,4.9,
1931,10,3,19,13,20.8,SOLOMON ISLANDS,,SAN CRISTOBAL ISLAND,-10.932,161.016,9,,3.3,2.5
1931,11,2,10,2,,JAPAN,,SEIKAIDO,32.2,132.1,0.8,,-0.3,
1932,6,3,10,36,50,MEXICO,,CENTRAL MEXICO,19.5,-104.25,10,,1.5,2
1932,6,18,10,12,16.1,MEXICO,,CENTRAL MEXICO,19.452,-103.632,1,,1,0.5
1932,6,22,12,59,24,MEXICO,,CENTRAL MEXICO,19,-104.5,10,,3.3,1.5
1932,9,26,19,20,42,GREECE,,NORTH AEGEAN,40.5,23.9,2,,,3
1933,1,8,16,,,RUSSIA,,"KHARIMKOTAN, N. KURIL ISLANDS",49.12,154.508,9,,3.2,2
1933,3,2,17,31,0.9,JAPAN,,SANRIKU,39.224,144.622,29,,4.9,3.5
1933,3,11,1,54,7.8,USA,CA,S. CALIFORNIA,33.616,-117.966,0.1,,-3.3,-3
1933,6,18,21,37,0,JAPAN,,SANRIKU,38.1,142.4,0.2,,-2.3,
1934,4,7,3,,,NORWAY,,TAFJORD,62.228,7.417,64,,,
1934,7,18,19,40,24,SOLOMON ISLANDS,,SOLOMON ISLANDS,-11.907,166.731,0.65,,-0.7,
1934,8,21,,,,USA,CA,S. CALIFORNIA,33.7,-118.2,12,,,3
1934,11,30,2,5,10,MEXICO,,MEXICO,18.5,-105.5,0.11,,,
1935,7,19,0,50,0,JAPAN,,JAPAN,36.6,141.4,0.2,,-2.3,
1935,10,12,16,45,0,JAPAN,,SANRIKU,39.9,143.7,0.3,,-1.7,-1
1935,10,18,0,11,0,JAPAN,,SANRIKU,40.7,144.3,0.2,,-2.3,-2
1936,4,1,2,9,15,INDONESIA,,SULAWESI,4.5,126.5,3,,1.5,2
1936,7,13,11,12,15,CHILE,,NORTHERN CHILE,-24.5,-70,1,,,0.5
1936,9,13,,,,NORWAY,,LOEN,61.87,6.851,74,,,
1936,10,27,15,50,0,USA,AK,"LITUYA BAY, AK",58.6,-137.1,149.35,,5.6,4
1936,11,2,20,46,0,JAPAN,,SANRIKU,38.2,142.2,0.7,,-0.5,
1936,11,13,12,31,,RUSSIA,,KAMCHATKA,55.2,164,13,,3.7,2
1937,5,29,,,,PAPUA NEW GUINEA,,RABAUL,-4.271,152.203,2.5,,1.3,1.5
1937,11,6,,,,INDONESIA,,BANDA SEA,-3,132.3,0.5,,-1,
1938,2,1,19,4,18,INDONESIA,,BANDA SEA,-5.25,130.5,1,,1,1.5
1938,2,13,,,,INDONESIA,,BANDA SEA,-3,132.3,0.5,,,-0.5
1938,3,6,1,56,,PAPUA NEW GUINEA,,SOLOMON SEA,-5.1,153.1,0.03,,-3.3,
1938,5,19,17,8,21,INDONESIA,,MAKASSAR STRAIT,-1,120,3,,1.6,
1938,5,23,7,18,,JAPAN,,JAPAN TRENCH,36.7,141.4,0.83,,-0.3,
1938,5,28,16,42,,JAPAN,,E. HOKKAIDO ISLAND,43.6,144.3,0.9,,-0.1,
1938,6,10,9,53,44.6,JAPAN,,RYUKYU ISLANDS,25.321,125.115,1.5,,0.6,0
1938,11,5,8,43,21,JAPAN,,SANRIKU,37.1,141.7,0.57,,0.1,-0.5
1938,11,5,10,50,15,JAPAN,,SANRIKU,37.2,141.7,0.56,,0.1,-0.5
1938,11,6,8,53,53,JAPAN,,OFF FUKUSHIMA PREFECTURE,37.5,141.8,1.26,,0.4,-0.5
1938,11,6,21,38,47,JAPAN,,OFF FUKUSHIMA PREFECTURE,37,141.7,1.25,,0.3,-0.5
1938,11,10,20,18,41.2,USA,AK,"SHUMAGIN ISLANDS, AK",55.48,-158.37,0.3,,-1.7,
1938,11,13,22,31,,JAPAN,,SANRIKU,37,141.5,0.75,,-0.5,-1.5
1938,11,22,1,14,0,JAPAN,,SANRIKU,36.7,142.1,0.3,,-1.7,-2.5
1938,11,30,2,29,0,JAPAN,,SANRIKU,37,142.2,0.2,,-2.3,-3
1939,3,20,3,22,,JAPAN,,SEIKAIDO,32.3,132,0.8,,-0.3,0
1939,4,30,2,55,29.1,SOLOMON ISLANDS,,SOLOMON ISLANDS,-9.295,159.234,10.5,,3.4,1.5
1939,5,1,5,58,,JAPAN,,NW. HONSHU ISLAND,40.1,139.5,1.2,,-1.7,0
1939,12,26,23,57,22.6,TURKEY,,SOUTH BLACK SEA,39.77,39.533,0.53,,,4
1940,5,24,16,33,57,PERU,,CENTRAL PERU,-10.5,-77,2,,1,1.5
1940,8,1,15,8,24,JAPAN,,W. HOKKAIDO ISLAND,44.2,139.5,3.5,,1.8,1.5
1941,1,13,16,27,44.7,PAPUA NEW GUINEA,,BISMARCK SEA,-4.175,152.071,0.15,,-3.3,-2.5
1941,6,26,11,52,,INDIA,,"ANDAMAN SEA, E. COAST INDIA",12.5,92.5,1.5,,,
1941,11,18,16,46,,JAPAN,,SEIKAIDO,32,132.1,1.2,,0.3,0
1941,11,25,18,3,54,ATLANTIC OCEAN,,AZORES GIBRALTAR FRACTURE ZONE,37.417,-18.983,0.1,,,2
1941,12,5,20,46,58,COSTA RICA,,COSTA RICA-PANAMA,8.7,-83.2,0.23,,-3.3,-3
1941,12,6,21,24,40,COSTA RICA,,COSTA RICA-PANAMA,8.5,-84,0.1,,-3.3,-4
1942,5,22,10,30,36,COLOMBIA,,COLOMBIA,4.6,-74.5,1,,,1
1942,8,24,22,50,27,PERU,,S. PERU,-15,-76,2,,1,1
1943,4,6,16,7,15,CHILE,,CENTRAL CHILE,-30.75,-72,1,,,
1943,6,13,5,12,0,JAPAN,,SE. HOKKAIDO ISLAND,41.2,143.3,0.6,,-0.7,-0.5
1944,12,7,4,35,,JAPAN,,OFF SOUTHEAST COAST KII PENINSULA,34,137.1,10,,2.9,2.5
1945,1,12,18,38,,JAPAN,,TOKAIDO,34.7,137.2,1,,-0.7,-0.5
1945,2,10,4,57,0,JAPAN,,SANRIKU,40.9,142.1,0.4,,-1.3,-1.5
1945,11,27,21,56,50,PAKISTAN,,MAKRAN COAST,24.5,63,17,,3.9,
1946,4,1,12,29,1.3,USA,AK,"UNIMAK ISLAND, AK",53.492,-162.832,42,,5.1,4
1946,6,23,17,13,19,CANADA,BC,BRITISH COLUMBIA,49.87,-124.92,9,,4.9,2
1946,8,4,17,51,5,DOMINICAN REPUBLIC,,NORTHEASTERN COAST,19.25,-69,5,,2.2,
1946,8,8,13,28,33.8,DOMINICAN REPUBLIC,,NORTHEASTERN COAST,19.5,-69.5,0.6,,,
1946,12,20,19,19,5,JAPAN,,HONSHU: S COAST,33,135.6,6.6,,2.7,2.5
1947,3,25,20,32,15,NEW ZEALAND,,OFF COAST OF NORTH ISLAND,-38.85,178.87,10,,3.3,3
1947,5,17,7,6,0,NEW ZEALAND,,OFF COAST OF NORTH ISLAND,-38.42,178.88,6,,2.6,
1947,10,6,19,55,37,GREECE,,"PELOPONNESUS, GREECE",37,22,1,,,2
1947,11,4,0,9,10,JAPAN,,W. HOKKAIDO ISLAND,43.8,141,2,,1,1
1948,2,9,12,58,13,GREECE,,"DODECANESE, KARPATHOS IS.",35.5,27.2,2.5,,,4
1948,4,17,16,11,0,JAPAN,,TOKAIDO,33.1,135.6,0.6,,-0.7,-1
1948,4,22,10,42,47.1,GREECE,,IONIAN SEA,38.532,20.427,1,,,4
1948,9,8,15,9,0,TONGA,,TONGA TRENCH,-21,-174,2,,1,1.5
1948,12,3,0,22,48,MEXICO,,MEXICO,22,-106,5,,1,1.5
1949,7,23,15,3,30,GREECE,,"CHIOS ISLAND, AEGEAN ISLANDS",38.58,26.23,2,,,2
1949,8,22,4,1,0,CANADA,BC,BRITISH COLUMBIA,53.6,-133.3,0.61,,-1,
1949,9,5,2,54,1,PHILIPPINES,,NORTHERN LUZON ISLAND,17,121.5,0.1,,,-4
1949,10,19,21,0,19,PAPUA NEW GUINEA,,SOLOMON SEA,-5.5,154,0.3,,-1.7,-1
1949,12,17,6,53,30,CHILE,,SOUTHERN CHILE,-54,-71,0.7,,,
1949,12,17,15,7,55,CHILE,,SOUTHERN CHILE,-54,-71,0.7,,-0.5,
1950,8,15,14,9,30,INDIA,,INDIA-CHINA,28.5,96.5,0.5,,,
1950,10,5,16,9,31,COSTA RICA,,COSTA RICA-NICARAGUA,11,-85,0.1,,-3.3,-2
1950,10,23,16,13,20,GUATEMALA,,GUATEMALA,14.31,-91.917,0.2,,-1.3,-1
1950,12,10,2,50,42,PERU,,S. PERU,-14.25,-77.75,0.7,,-0.5,0
1950,12,14,14,15,49,MEXICO,,S. MEXICO,16.48,-98.22,0.3,,-1.5,
1951,2,22,1,45,42,PAPUA NEW GUINEA,,BISMARCK SEA,-3.7,142.2,6,,,
1951,8,21,10,57,0,USA,HI,HAWAII,19.5,-156,3.6,,1.8,0.5
1951,10,22,5,43,1,TAIWAN,,TAIWAN,23.8,121.7,0.3,,,
1951,12,21,8,37,29,CHINA,,CHINA: GANSU AND SHANXI PROVINCES,26.7,100,2,,,
1952,1,9,8,,,NORWAY,,MID-NORWAY,64.883,12.417,2,,,2
1952,3,4,1,22,41,JAPAN,,SE. HOKKAIDO ISLAND,42.15,143.85,6.54,,2.7,2
1952,3,9,17,4,0,JAPAN,,SE. HOKKAIDO ISLAND,41.7,143.6,0.3,,-1.7,-2
1952,3,17,3,58,0,USA,HI,HAWAII,19.1,-155,1,,,0
1952,3,19,10,57,12,PHILIPPINES,,"E. OF MINDANO, PHILIPPINES",9.5,127.25,0.33,,,
1952,5,6,,,,USA,MI,"LAKE HURON, MI",43.1,-82.4,1.52,,,
1952,5,13,19,32,0,COSTA RICA,,COSTA RICA-PANAMA,10.3,-85.3,0.1,,-3.3,-3
1952,9,16,2,50,,JAPAN,,MYOJINSHO SUBMARINE VOLCANO,32.1,139.85,0.15,,-1,-1
1952,9,23,4,20,0,JAPAN,,MYOJINSHO SUBMARINE VOLCANO,32.1,139.85,0.05,,-1,-1
1952,9,24,3,23,0,JAPAN,,MYOJINSHO SUBMARINE VOLCANO,32.1,139.85,0.15,,-1,
1952,9,26,3,33,0,JAPAN,,MYOJINSHO SUBMARINE VOLCANO,32.1,139.85,0.1,,-1,-1
1952,11,4,16,58,27.9,RUSSIA,,KAMCHATKA,52.755,160.057,18.4,,4.2,4
1953,2,15,,,,PERU,,CENTRAL PERU,-12,-77.5,0.7,,-0.5,
1953,3,11,,,,JAPAN,,MYOJINSHO SUBMARINE VOLCANO,32.1,139.85,6,,-1,-1
1953,3,17,13,4,,RUSSIA,,N. KURIL ISLANDS,50,156.5,3,,0.6,
1953,3,25,,,,JAPAN,,MYOJINSHO SUBMARINE VOLCANO,32.1,139.85,0.05,,-1,-1
1953,5,31,19,58,,DOMINICAN REPUBLIC,,PUERTO PLATA,19.8,-70.7,0.06,,-3.3,
1953,9,14,0,26,36,FIJI,,FIJI ISLANDS,-18.3,178.2,15,,1,1
1953,11,25,17,48,,JAPAN,,"KASHIMA, JAPAN",34,141.7,3,,1.5,1.5
1953,12,12,17,31,25,PERU,,N. PERU,-3.4,-80.6,1,,-1,0.5
1954,6,26,,,,USA,IN,"MICHIGAN CITY, IN (LAKE MICHIGAN)",41.7,-86.883,3,,,
1954,9,9,1,4,37,ALGERIA,,SEA OF ALBORAN,36.283,1.467,0.33,,,
1954,10,,,,,GREENLAND,,APUTITEQ POINT,67.47,-32.283,18.28,,4.2,
1955,4,19,20,24,5,CHILE,,CENTRAL CHILE,-30,-72,1,,,1
1955,9,23,15,6,23,CHINA,,"JINSHA RIVER, YUNNAN PROVINCE",26.6,101.8,1,,,
1956,3,2,22,43,,NEW ZEALAND,,"LAKE TAUPO, NORTH ISLAND",-38.9,175.8,0.9,,,
1956,3,5,23,29,,JAPAN,,NE. HOKKAIDO ISLAND,44.3,144.1,0.4,,-1.3,-2
1956,3,30,6,11,,RUSSIA,,KAMCHATKA,55.978,160.587,0.3,,-0.7,
1956,7,9,3,11,39,GREECE,,CYCLADES,36.9,26,30,,5,5
1956,7,9,3,24,,GREECE,,"AMORGOS ISLAND, AEGEAN ISLANDS",36.8,25.5,10,,,
1956,11,2,16,4,33,GREECE,,NORTH AEGEAN,39.5,23,1.2,,0.3,2
1957,3,9,14,22,31.9,USA,AK,"ANDREANOF ISLANDS, AK",51.292,-175.629,22.8,,3.9,3
1957,6,22,23,50,23,INDONESIA,,NW. IRIAN JAYA,-1.5,137,1.8,,0.8,
1957,7,28,8,40,1,MEXICO,,S. MEXICO,16.5,-99.1,1.3,,1.3,0.5
1957,9,26,,,,INDONESIA,,SOUTH OF JAVA,-8.2,107.3,0.7,,-0.5,
1957,11,,,,,SOLOMON ISLANDS,,"MALAITA ISLAND, SOLOMON ISLANDS",-8.57,160.72,2.7,,1.4,
1958,7,10,6,15,59.9,USA,AK,"SE. ALASKA, AK",58.37,-136.665,524.6,,4.6,5
1958,9,17,12,24,,RUSSIA,,N. KURIL ISLANDS,48.6,156.1,0.23,,-2.3,-1
1958,11,4,22,54,46,PACIFIC OCEAN,,EAST PACIFIC RISE,-50,-115,0.1,,,
1958,11,6,22,58,8.6,RUSSIA,,S. KURIL ISLANDS,44.53,148.54,5,,2,2.5
1958,11,12,20,23,,RUSSIA,,S. KURIL ISLANDS,44.2,148.8,1,,,-1
1959,1,22,5,10,0,JAPAN,,SANRIKU,37.5,142.2,0.8,,-0.3,-2
1959,2,7,9,36,51,PERU,,N. PERU,-4,-81.5,0.4,,,-2
1959,2,23,,,,GREECE,,"GRECIAN ARCHIPELAGO, CRETE",40.63,22.97,1,,,3
1959,4,9,12,24,20,RUSSIA,,S. KURIL ISLANDS,44.3,149,0.1,,-3.3,-2
1959,5,4,7,15,42,RUSSIA,,KAMCHATKA,52.5,159.5,0.2,,1,1
1959,8,17,21,4,40,SOLOMON ISLANDS,,SOLOMON ISLANDS,-7.5,156,1,,1.3,
1959,8,18,6,37,13.5,USA,MT,"HEGBEN LAKE, MONTANA",44.712,-111.215,1,,,
1959,10,26,7,35,0,JAPAN,,SANRIKU,37.5,143.2,0.11,,-3.3,-4
1960,1,13,15,40,34,PERU,,S. PERU,-15.75,-72.75,5.7,,2.6,3
1960,3,20,17,7,30,JAPAN,,SANRIKU,39.8,143.4,1,,0,-2
1960,3,23,0,23,,JAPAN,,SANRIKU,39.4,143.7,0.75,,-1,-2.5
1960,5,21,10,2,50,CHILE,,CENTRAL CHILE,-37.872,-73.243,0.3,,,-1
1960,5,22,19,11,17,CHILE,,SOUTHERN CHILE,-38.143,-73.407,25,,4.6,4
1960,7,29,17,31,45,JAPAN,,SANRIKU,40.3,142.5,0.3,,-1,-3
1960,11,20,22,1,56.4,PERU,,N. PERU,-6.8,-80.7,9,,3.2,4
1961,1,16,7,20,0,JAPAN,,"KASHIMA, JAPAN",36,142.3,0.4,,-1.3,-2
1961,1,16,11,19,0,JAPAN,,"KASHIMA, JAPAN",36,141.9,0.4,,-1.3,-2
1961,1,16,12,12,0,JAPAN,,"KASHIMA, JAPAN",36.2,141.9,0.4,,-1.3,-2
1961,2,12,21,53,0,RUSSIA,,S. KURIL ISLANDS,43.2,147.9,1,,,-0.5
1961,2,26,18,10,48.7,JAPAN,,SEIKAIDO,31.6,131.8,0.65,,,-0.5
1961,3,18,,,,SOLOMON ISLANDS,,"HONIARA, GUADALCANAL",-9.43,159.95,3.6,,,
1961,7,18,14,4,0,JAPAN,,RYUKYU ISLANDS,29.6,131.8,0.2,,-2.3,-3
1961,7,23,21,51,10.5,VANUATU,,VANUATU ISLANDS,-18.421,168.411,0.9,,,-0.5
1961,8,1,5,39,54.4,SOLOMON ISLANDS,,SOLOMON SEA,-9.849,160.614,0.9,,,
1961,8,11,15,51,0,JAPAN,,SE. HOKKAIDO ISLAND,42.9,145.6,0.1,,-3.3,-4
1961,11,15,7,17,0,JAPAN,,SE. HOKKAIDO ISLAND,42.7,145.7,0.1,,-3.3,-3.5
1962,3,12,11,40,12.2,COSTA RICA,,COSTA RICA-PANAMA,8.1,-82.9,0.1,,-3.3,
1962,4,12,0,52,43,JAPAN,,SANRIKU,38.073,142.741,1,,,-2
1962,4,23,5,58,0,JAPAN,,SE. HOKKAIDO ISLAND,42.2,143.9,0.1,,-3.3,-3.5
1962,5,11,14,11,54.1,MEXICO,,S. MEXICO,17.2,-99.6,0.81,,-0.3,0
1962,5,19,14,58,15,MEXICO,,S. MEXICO,17.2,-99.5,0.34,,,
1962,5,21,12,21,,JAPAN,,OFF COAST OF HONSHU ISLAND,41.8,142.4,0.1,,,-2
1963,2,7,19,28,,GREECE,,CORINTH GULF,38.31,22.02,6,,,5
1963,2,13,8,50,4.5,TAIWAN,,E. TAIWAN-RYUKYU ISLANDS,24.4,122.1,0.2,,-2.3,-2
1963,3,28,10,,,CANADA,BC,"GRAHAM ISLAND, BRITISH COLUMBIA",54,-132.25,5.5,,,
1963,10,9,21,39,,ITALY,,"VAJONT DAM, VAJONT RIVER",46.267,12.329,235,,,
1963,10,12,11,27,0.2,RUSSIA,,S. KURIL ISLANDS,44.426,149.272,0.12,,-3.3,-2
1963,10,13,5,17,53.4,RUSSIA,,S. KURIL ISLANDS,44.772,149.798,4.5,,2.3,2.5
1963,10,20,0,53,10.9,RUSSIA,,S. KURIL ISLANDS,44.772,150.563,15,,3.9,3
1964,3,28,3,36,14,USA,AK,"PRINCE WILLIAM SOUND, AK",61.017,-147.648,67.1,,6.1,3.5
1964,5,7,7,58,0,JAPAN,,NW. HONSHU ISLAND,40.3,139,0.6,,-0.1,0
1964,5,19,0,0,0,USA,NY,"LONG ISLAND, NY",40.8,-73.1,0.28,,,
1964,6,16,4,1,44.3,JAPAN,,NW. HONSHU ISLAND,38.65,139.2,5.8,,2.7,2
1964,7,24,8,12,39,RUSSIA,,S. KURIL ISLANDS,47.159,153.876,0.08,,-3.3,-2
1964,11,17,8,15,39.3,PAPUA NEW GUINEA,,NEW BRITAIN,-5.7,150.7,0.05,,,
1964,12,10,15,11,7.6,JAPAN,,NW. HONSHU ISLAND,40.4,138.9,0.1,,-3.3,-3
1965,2,4,5,1,21.6,USA,AK,"RAT ISLANDS, ALEUTIAN ISLANDS, AK",51.29,178.55,10.7,,3.3,2.5
1965,2,19,,,,CHILE,,SOUTHERN CHILE,-41.755,-72.396,60,,,
1965,3,30,2,27,3.4,USA,AK,"RAT ISLANDS, ALEUTIAN ISLANDS, AK",50.32,177.93,0.1,,-2.3,-1
1965,4,19,23,42,,JAPAN,,AICHI PREFECTURE,34.9,139,0.1,,,-4
1965,6,11,3,34,2,RUSSIA,,S. KURIL ISLANDS,44.7,148.7,0.1,,-3.3,-3
1965,7,2,20,58,38.1,USA,AK,"FOX ISLANDS, ALEUTIAN ISLANDS, AK",53.03,-167.55,0.08,,-3.3,-2
1965,8,11,22,31,45.9,VANUATU,,VANUATU ISLANDS,-15.8,167.2,7,,2.8,2.5
1965,8,13,12,40,32,VANUATU,,VANUATU ISLANDS,-15.9,166.8,2,,1,1
1965,8,23,19,46,2.9,MEXICO,,MEXICO,16.3,-95.8,0.4,,-1.3,
1965,9,28,,,,PHILIPPINES,,"TAAL, LUZON ISLAND",14.002,120.993,4.7,,,
1966,3,12,16,31,21.8,TAIWAN,,E. TAIWAN-RYUKYU ISLANDS,24.1,122.6,0.1,,-3.3,0
1966,6,15,0,59,42.7,SOLOMON ISLANDS,,SOLOMON ISLANDS,-10.343,160.883,0.2,,0.5,1
1966,7,12,18,53,,RUSSIA,,BLACK SEA,44.75,37,0.2,,,1
1966,10,17,21,41,56,PERU,,CENTRAL PERU,-10.748,-78.638,3,,-1,1.5
1966,12,28,8,18,7.4,CHILE,,NORTHERN CHILE,-25.5,-70.7,0.42,,,0.5
1966,12,31,18,23,11.1,SOLOMON ISLANDS,,SANTA CRUZ ISLANDS,-11.893,166.445,2,,,1
1966,12,31,22,15,16.6,SOLOMON ISLANDS,,SANTA CRUZ ISLANDS,-12.334,166.684,0.8,,,0
1967,7,29,23,59,58.7,VENEZUELA,,CARACAS,10.6,-67.3,0.08,,,
1967,8,13,22,15,10,PAPUA NEW GUINEA,,BISMARCK SEA,-4.4,152.5,0.1,,-3.3,
1967,9,3,,,,PERU,,CENTRAL PERU,-10.6,-79.8,2,,1,-1.5
1967,12,4,,,,ANTARCTICA,,"TELEPHONE BAY, DECEPCION ISLAND",-63,-60.5,1,,,0
1968,1,29,10,19,7.2,RUSSIA,,S. KURIL ISLANDS,43.586,146.701,0.18,,-1.7,-1
1968,2,19,22,45,45.7,GREECE,,"LEMNOS ISLAND, NORTH AEGEAN SEA",39.368,24.957,1.2,,0.3,3
1968,4,1,0,42,4.2,JAPAN,,SEIKAIDO,32.3,132.5,3.07,,1.3,1
1968,4,18,19,38,15,ITALY,,LIGURIA-COTE D'AZUR,44.08,8,3,,,2
1968,5,16,0,48,55.4,JAPAN,,OFF EAST COAST OF HONSHU ISLAND,40.8,143.2,6,,2.3,2
1968,5,16,10,39,1.6,JAPAN,,OFF COAST OF HONSHU ISLAND,41.5,142.7,0.58,,,-0.5
1968,6,12,13,41,50.7,JAPAN,,SANRIKU,39.4,143.1,0.95,,1.6,0
1968,7,25,7,23,7.8,NEW ZEALAND,,KERMADEC ISLANDS,-30.8,-178.4,0.05,,,
1968,8,1,20,19,21.9,PHILIPPINES,,E. LUZON ISLAND,16.5,122.2,0.16,,-1.7,
1968,8,5,7,17,0,JAPAN,,SEIKAIDO-NANKAIDO,33.3,132.2,0.03,,,0
1968,8,10,2,7,4.3,INDONESIA,,N. MOLUCCAS ISLANDS,1.4,126.2,0.4,,-1.3,1
1968,8,14,22,14,19.4,INDONESIA,,BANDA SEA,0.2,119.8,10,,3.3,2.5
1968,9,3,8,19,52.2,TURKEY,,BLACK SEA,41.8,32.3,3,,,
1968,9,25,,,,MEXICO,,S. MEXICO-GUATEMALA-NICARAGUA,15.6,-92.6,2,,,1
1969,2,23,0,36,56.6,INDONESIA,,MAKASSAR STRAIT,-3.1,118.9,4,,2,2
1969,2,28,2,40,32.5,PORTUGAL,,PORTUGAL,36.017,-10.95,0.9,,,
1969,4,12,5,44,,SWEDEN,,NORSALV RIVER,59.4,13.5,5,,,
1969,4,21,7,19,,JAPAN,,RYUKYU ISLANDS,32.2,132.1,0.1,,-2.3,-3
1969,8,11,21,26,36,RUSSIA,,S. KURIL ISLANDS,43.6,147.9,5,,1.4,2
1969,11,22,23,9,37,RUSSIA,,KAMCHATKA,57.7,163.6,15,,3.9,3
1969,12,25,21,32,27.3,GUADELOUPE (FRENCH TERRITORY),,GRAND BOURG,15.8,-59.7,0.46,,-3.3,
1970,1,10,12,7,8.6,PHILIPPINES,,PHILIPPINE TRENCH,6.8,126.7,0.06,,,
1970,3,11,22,38,34.6,USA,AK,"ANDREANOF ISLANDS, AK",57.5,-153.9,0.03,,,
1970,5,31,20,23,27.3,PERU,,N. PERU,-9.2,-78.8,0.38,,0.8,
1970,7,25,22,41,10.7,JAPAN,,SEIKAIDO,32.2,131.7,0.32,,-0.7,
1970,9,28,19,1,,NEW ZEALAND,,NEW ZEALAND,-44.64,173.62,1,,,
1970,10,31,17,53,9.3,PAPUA NEW GUINEA,,PAPUA NEW GUINEA,-4.907,145.471,3,,0.3,0.5
1970,12,4,1,59,25,RUSSIA,,BLACK SEA,43.84,39.34,0.8,,,2
1971,3,19,,,,PERU,,CHUNGAR,-11.116,-76.5,30,,,
1971,5,2,6,8,27.8,USA,AK,"ANDREANOF ISLANDS, AK",51.228,-177.173,0.04,,,-3
1971,7,9,3,3,18.7,CHILE,,CENTRAL CHILE,-32.5,-71.2,1.2,,0.3,0
1971,7,14,6,11,29.1,PAPUA NEW GUINEA,,SOLOMON SEA,-5.5,153.9,6,,1.6,1
1971,7,26,1,23,21.3,PAPUA NEW GUINEA,,SOLOMON SEA,-4.9,153.2,10,,3.3,1.5
1971,8,2,7,24,56.8,JAPAN,,JAPAN TRENCH,41.4,143.5,0.51,,-2.3,-0.5
1971,9,5,18,35,25,RUSSIA,,TATAR STRAIT,46.5,141.2,2,,,
1971,9,6,13,37,10.8,RUSSIA,,TATAR STRAIT,46.7,141.4,0.32,,,
1971,9,8,11,48,23.4,RUSSIA,,TATAR STRAIT,46.4,141.1,0.09,,,-3
1971,9,8,16,59,52.6,RUSSIA,,TATAR STRAIT,46.3,140.9,0.07,,-0.7,-3
1971,9,25,4,36,14,PAPUA NEW GUINEA,,BISMARCK SEA,-6.5,146.6,1.8,,0.8,0.5
1971,9,27,19,1,45.3,RUSSIA,,TATAR STRAIT,46.4,141.1,0.03,,,-4
1971,11,6,22,0,0.1,USA,AK,"RAT ISLANDS, ALEUTIAN ISLANDS, AK",51.5,179.1,0.1,,,
1971,12,15,8,29,55.3,RUSSIA,,KAMCHATKA,56,163.3,0.47,,,
1972,1,25,2,6,23.3,TAIWAN,,E. TAIWAN,22.5,122.3,0.05,,-3.3,-2
1972,2,29,9,22,59.8,JAPAN,,EAST OFF HACHIJO ISLAND,33.3,140.8,0.42,,-1.3,0.5
1972,7,30,21,45,14.1,USA,AK,"SE. ALASKA, AK",56.82,-135.685,0.1,,-2.3,-2
1972,8,17,23,44,5.9,PAPUA NEW GUINEA,,SOLOMON SEA,-6,152.9,0.6,,-1,
1972,8,26,8,15,,PAPUA NEW GUINEA,,SOLOMON SEA,-6.7,147,1.5,,0.6,
1972,12,2,0,19,47.2,PHILIPPINES,,"MINDANAO ISLAND, PHILIPPINES",6.5,126.6,0.5,,-2.3,
1972,12,4,10,16,12,JAPAN,,CHICHI JIMA,33.3,140.7,0.5,,-1,-1
1973,1,30,21,1,12.5,MEXICO,,S. MEXICO,18.48,-103,1.13,,0.1,
1973,2,28,6,37,49.5,RUSSIA,,N. KURIL ISLANDS,50.5,156.6,1.5,,0.6,0.5
1973,3,17,8,30,51.8,PHILIPPINES,,QUEZON,13.4,122.8,1.3,,,
1973,6,17,3,55,2.9,JAPAN,,HOKKAIDO ISLAND,43.2,145.8,5.96,,2.2,1
1973,6,24,2,43,25.5,RUSSIA,,S. KURIL ISLANDS,43.3,146.4,0.64,,2.2,
1973,6,26,22,32,0.2,RUSSIA,,S. KURIL ISLANDS,43.2,146.6,0.21,,,
1973,10,5,5,47,51.1,CHILE,,CENTRAL CHILE,-32.5,-71.5,0.4,,-1.3,-1
1974,1,31,23,30,5.3,SOLOMON ISLANDS,,SOLOMON ISLANDS,-7.5,155.9,1.5,,2.2,1
1974,2,1,3,12,33.1,SOLOMON ISLANDS,,SOLOMON ISLANDS,-7.4,155.6,4.5,,2.2,2
1974,5,8,23,33,25.2,JAPAN,,TOKAIDO,34.6,138.7,0.2,,-2.3,-2.5
1974,9,27,5,47,29.4,RUSSIA,,S. KURIL ISLANDS,43.2,146.7,0.37,,0.6,-1
1974,10,3,14,21,29.1,PERU,,CENTRAL PERU,-12.27,-77.79,0.92,,0.8,1
1974,10,17,19,5,,CANADA,BC,"KITIMAT INLET, BRITISH COLOMBIA",54,-128.7,2.8,,,
1974,10,17,,,,PAPUA NEW GUINEA,,"RITTER ISLAND, PAPUA NEW GUINEA",-5.52,148.121,0.5,,-1,
1975,4,27,18,5,,CANADA,BC,"KITIMAT INLET, BRITISH COLUMBIA",53.98,-128.68,4.1,,,
1975,5,26,9,11,51.5,ATLANTIC OCEAN,,AZORES GIBRALTAR FRACTURE ZONE,35.997,-17.649,0.76,,,
1975,6,10,13,47,14.5,RUSSIA,,S. KURIL ISLANDS,43.024,147.734,5.5,,2.3,2
1975,7,20,14,37,39.9,PAPUA NEW GUINEA,,SOLOMON SEA,-6.59,155.054,2,,1,1
1975,10,31,8,28,2.6,PHILIPPINES,,PHILIPPINE TRENCH,12.54,125.993,3,,-0.7,-1.5
1975,11,29,14,47,40.9,USA,HI,HAWAII,19.451,-155.033,14.3,,3,3
1975,12,26,15,56,38.7,SAMOA,,SAMOA ISLANDS,-16.265,-172.467,0.38,,-0.3,
1976,1,14,16,47,33.5,NEW ZEALAND,,KERMADEC ISLANDS,-28.427,-177.657,0.9,,-0.1,
1976,1,21,10,5,24.1,RUSSIA,,S. KURIL ISLANDS,44.915,149.123,0.38,,-1.3,-2.5
1976,2,4,9,1,43.4,GUATEMALA,,GUATEMALA,15.324,-89.101,0.12,,,
1976,8,16,16,11,7.3,PHILIPPINES,,MORO GULF,6.292,124.09,9,,2.3,2.5
1977,4,2,7,15,22.7,SAMOA,,SAMOA ISLANDS,-16.696,-172.095,0.08,,-3.3,-2
1977,4,20,23,13,10.4,SOLOMON ISLANDS,,SOLOMON ISLANDS,-9.828,163.323,0.15,,-3.3,-1
1977,4,21,4,24,9.6,SOLOMON ISLANDS,,SOLOMON ISLANDS,-9.965,160.731,0.04,,-3.3,-1.5
1977,6,22,12,8,33.4,TONGA,,TONGA TRENCH,-22.878,-175.9,0.4,,,
1977,8,19,6,8,55.2,INDONESIA,,SUNDA ISLANDS,-11.085,118.464,15,,3.9,3
1977,8,20,,,,PAPUA NEW GUINEA,,ADMIRALTY ISLANDS,-1.1,146.2,0.5,,-1,
1977,8,28,20,10,5,PAPUA NEW GUINEA,,ADMIRALTY ISLANDS,-1.081,146.23,0.6,,-0.7,-0.5
1977,10,10,11,53,53.6,TONGA,,TONGA TRENCH,-25.856,-175.406,0.03,,,-3
1978,1,14,3,24,39,JAPAN,,TOKAIDO,34.809,139.259,0.35,,-0.7,
1978,3,22,0,50,32.2,RUSSIA,,S. KURIL ISLANDS,44.026,149.002,0.07,,0.1,-2.5
1978,3,22,21,34,33.4,RUSSIA,,S. KURIL ISLANDS,44.14,149.029,0.05,,,-3
1978,3,23,0,31,2.1,RUSSIA,,S. KURIL ISLANDS,44.209,148.971,0.17,,-2.3,-1.5
1978,3,23,3,15,20.3,RUSSIA,,S. KURIL ISLANDS,44.932,148.439,0.3,,-2.3,0
1978,3,24,19,47,50.7,RUSSIA,,S. KURIL ISLANDS,44.244,148.862,0.65,,-1.7,0
1978,6,12,8,14,26.4,JAPAN,,SANRIKU,38.19,142.03,0.6,,,0.5
1978,6,14,12,32,33.9,PHILIPPINES,,"MINDANAO ISLAND, PHILIPPINES",8.249,122.403,0.03,,-3.3,
1978,6,20,20,3,21,GREECE,,"THESSALONIKI (SALONICA), GREECE",40.739,23.229,0.45,,,2
1978,6,21,,,,ITALY,,"EASTERN ITALY, ADRIATIC SEA",42,16,0.6,,,4
1978,7,23,14,42,36.9,TAIWAN,,TAIWAN,22.282,121.512,0.05,,-3.3,-1
1978,8,14,14,17,50.4,SPAIN,,CADIZ,36.37,-6.98,0.12,,,1
1978,11,29,19,52,47.6,MEXICO,,MEXICO,16.01,-96.591,1.5,,0.6,
1979,2,20,6,32,32.2,JAPAN,,"IWATE, JAPAN",40.232,143.703,0.12,,-1.7,
1979,2,28,21,27,8.1,USA,AK,"SE. ALASKA, AK",60.691,-141.671,0.15,,-1.7,
1979,3,14,11,7,16.3,MEXICO,,S. MEXICO,17.813,-101.276,1.3,,-3.3,
1979,4,15,6,19,44.1,SERBIA AND MONTENEGRO,,MONTENEGRO,42.096,19.209,0.6,,,1
1979,7,18,,,,INDONESIA,,LOMBLEN ISLAND [LEMBATA],-8.6,123.5,9,,,
1979,9,12,5,17,51.4,INDONESIA,,IRIAN JAYA,-1.679,136.04,2,,1,
1979,10,6,,,,NORWAY,,NORTHERN NORWAY,65.117,12.333,2,,,3
1979,10,16,13,57,,FRANCE,,FRENCH RIVIERA (LIGURIAN SEA),43.7,7.25,10,,1.6,
1979,12,12,7,59,3.3,COLOMBIA,,"COLOMBIA: OFF SHORE, PACIFIC OCEAN",1.598,-79.358,6,,2.3,2.5
1980,2,23,5,51,3.2,RUSSIA,,S. KURIL ISLANDS,43.53,146.753,0.6,,-0.7,-2
1980,5,18,,,,USA,WA,WASHINGTON,46.2,-122.18,250,,,
1980,6,29,7,20,5.5,JAPAN,,HONSHU ISLAND,34.808,139.181,0.56,,-0.7,
1980,7,17,19,42,23.2,SOLOMON ISLANDS,,SOLOMON ISLANDS,-12.525,165.916,0.14,,-1.7,
1980,10,10,12,25,23.5,ALGERIA,,EL ASNAM,36.195,1.354,0.7,,,2
1981,1,18,18,17,24.4,JAPAN,,E. HONSHU ISLAND,38.64,142.75,0.37,,-1.3,
1981,2,24,20,53,38.4,GREECE,,ATHENS-EASTERN GULF OF CORINTH,38.222,22.934,0.3,,,3
1981,3,4,21,58,5.9,GREECE,,GULF OF CORINTH,38.209,23.288,1,,,
1981,5,11,7,10,,SOUTH AFRICA,,AGULHAS BANK,-35.616,20.267,0.29,,,
1981,5,25,5,25,14.4,NEW ZEALAND,,NEW ZEALAND,-48.786,164.357,0.3,,-1.7,
1981,9,1,9,29,31.5,SAMOA,,SAMOA ISLANDS,-14.96,-173.085,1,,-3.3,-2
1981,10,25,3,22,15.5,MEXICO,,MEXICO,18.084,-102.084,0.09,,,
1982,1,11,6,10,6.4,PHILIPPINES,,PHILIPPINES,13.752,124.358,0.1,,,
1982,2,24,4,22,40.3,INDONESIA,,JAVA TRENCH,4.374,97.755,0.1,,,
1982,3,11,10,32,27.1,INDONESIA,,SUMBAWA ISLAND,-9.265,118.479,0.1,,,
1982,3,21,2,32,7.7,JAPAN,,HOKKAIDO ISLAND,42.158,142.361,1.3,,0.4,
1982,7,23,14,23,53.5,JAPAN,,"IBARAKI, JAPAN",36.194,141.702,0.4,,-1.3,-1
1982,12,19,17,43,54.8,TONGA,,KERMADEC ISLANDS,-24.133,-175.864,0.2,,-2.3,
1982,12,28,6,37,42.5,JAPAN,,S. OF HONSHU ISLAND,33.826,139.434,0.19,,-1.3,-1
1983,3,12,1,36,35.8,INDONESIA,,BANDA SEA,-4.056,127.924,3,,1.6,1.5
1983,3,18,9,5,50,PAPUA NEW GUINEA,,NEW BRITAIN,-4.883,153.581,0.3,,-1.7,
1983,5,26,2,59,59.6,JAPAN,,"NOSHIRO, JAPAN",40.462,139.102,14.93,,3.9,2
1983,6,9,12,49,3.8,JAPAN,,"NOSHIRO, JAPAN",40.249,138.948,0.6,,,
1983,6,21,6,25,27.3,JAPAN,,N. HONSHU ISLAND,41.346,139.099,1,,,
1983,8,17,10,55,54.1,RUSSIA,,"KAMCHATKA BAY, RUSSIA",55.867,161.287,0.1,,-3.3,
1983,8,17,12,17,56,PHILIPPINES,,LUZON ISLAND,18.231,120.86,0.1,,,
1983,8,18,9,,,NORWAY,,WESTERN NORWAY,61.233,7.717,7,,,4
1983,10,4,18,52,13.3,CHILE,,NORTHERN CHILE,-26.535,-70.563,0.2,,-2.3,0.2
1983,11,30,17,46,0.6,UK TERRITORY,,CHAGOS ARCHIPELAGO REGION,-6.852,72.11,1.5,,-1.3,
1984,1,8,15,24,13.5,INDONESIA,,SULAWESI,-2.823,118.806,0.1,,,
1984,3,24,9,44,2.6,RUSSIA,,S. KURIL ISLANDS,44.117,148.192,0.2,,-2.3,-2
1984,6,13,2,29,25.3,JAPAN,,"TORI SHIMA, OKINAWA",31.448,140.036,0.5,,0.6,
1984,8,6,19,6,38.3,JAPAN,,"KYUSHU, JAPAN",32.386,131.945,0.2,,-2.3,
1984,9,18,17,2,44.3,JAPAN,,HONSHU ISLAND,34.006,141.5,0.13,,-3.3,
1984,12,28,10,37,53.7,RUSSIA,,KAMCHATKA,56.194,163.46,0.2,,-2.3,
1985,3,3,22,47,9.5,CHILE,,CENTRAL CHILE,-33.132,-71.708,3.5,,1.6,
1985,3,16,14,54,0.7,GUADELOUPE (FRENCH TERRITORY),,GUADELOUPE,17.013,-62.448,0.12,,-3.3,
1985,4,13,1,6,0.1,INDONESIA,,BALI ISLAND,-9.245,114.185,2,,,
1985,7,3,4,36,51.7,PAPUA NEW GUINEA,,NEW IRELAND,-4.439,152.828,1.3,,0.4,
1985,9,19,13,17,47.3,MEXICO,,MEXICO,18.19,-102.533,3,,1.6,
1985,9,21,1,37,13.4,MEXICO,,MEXICO,17.802,-101.647,1.2,,0.3,
1986,5,7,22,47,10.8,USA,AK,"ANDREANOF ISLANDS, AK",51.52,-174.776,0.9,,-0.1,
1986,10,20,6,46,9.9,NEW ZEALAND,,KERMADEC ISLANDS,-28.117,-176.367,0.22,,-2.18,
1986,11,14,21,20,10.5,TAIWAN,,TAIWAN,23.901,121.574,0.3,,,
1987,2,6,13,16,17.8,JAPAN,,E. HONSHU ISLAND,36.988,141.689,0.1,,-3.3,
1987,2,8,18,33,58.3,PAPUA NEW GUINEA,,SOLOMON SEA,-6.088,147.689,1.5,,1,
1987,2,21,7,40,,NORWAY,,WESTERN NORWAY,62.2,6.65,3,,,2
1987,3,5,9,17,5.2,CHILE,,NORTHERN CHILE,-24.388,-70.161,0.2,,-2.3,
1987,3,18,3,36,30.3,JAPAN,,KYUSHU ISLAND,32.034,131.837,0.04,,-3.3,
1987,3,24,12,49,47,JAPAN,,HONSHU ISLAND,37.447,137.865,0.16,,,
1987,6,18,14,3,16.7,SOLOMON ISLANDS,,SOLOMON ISLANDS,-10.717,162.33,0.1,,,
1987,7,6,2,49,42.7,VANUATU,,VANUATU ISLANDS,-14.074,167.828,0.1,,,
1987,10,6,4,19,6,TONGA,,TONGA ISLANDS,-17.94,-172.225,0.25,,-3.3,
1987,10,12,13,57,4.7,PAPUA NEW GUINEA,,SOLOMON SEA,-7.288,154.371,0.1,,-0.5,
1987,10,16,20,48,1.6,PAPUA NEW GUINEA,,SOLOMON SEA,-6.266,149.06,0.1,,-3.3,
1987,11,17,8,46,53.3,USA,AK,"GULF OF ALASKA, AK",58.586,-143.27,0.06,,-3.3,
1987,11,26,1,43,14,INDONESIA,,TIMOR SEA,-8.247,124.155,0.1,,,
1987,11,30,19,23,19.5,USA,AK,"GULF OF ALASKA, AK",58.679,-142.786,0.43,,-1,
1988,2,5,14,1,2.7,CHILE,,NORTHERN CHILE,-24.753,-70.433,0.1,,,
1988,3,6,22,35,36.9,USA,AK,"GULF OF ALASKA, AK",57.262,-142.747,0.19,,-2.3,
1988,4,20,5,30,,ITALY,,"LA FOSSA VOLCANO, VULCANO IS.",38.4,14.967,2,,,
1988,6,24,2,6,26.3,PHILIPPINES,,NORTH OF LUZON ISLAND,18.606,121.013,1.03,,,
1988,7,5,20,32,7.2,PAPUA NEW GUINEA,,PAPUA NEW GUINEA,-5.964,148.78,0.1,,,
1988,8,10,4,38,29.2,SOLOMON ISLANDS,,SOLOMON ISLANDS,-10.258,160.896,0.09,,-3.3,
1989,5,23,10,54,46.3,AUSTRALIA,,MACQUARIE ISLAND,-52.341,160.568,0.1,,-1.7,
1989,6,26,3,27,3.9,USA,HI,HAWAII,19.362,-155.083,0.29,,-1.7,
1989,9,4,13,14,58.2,USA,AK,"SEMIDI ISLANDS, AK",55.543,-156.835,0.1,,-3.3,
1989,10,18,0,4,15.2,USA,CA,N. CALIFORNIA,37.036,-121.883,1,,-3.3,
1989,10,29,5,25,38.2,JAPAN,,N. HONSHU ISLAND,39.571,143.333,0.11,,,
1989,11,1,10,25,52.2,USA TERRITORY,PR,PUERTO RICO,18.986,-68.833,0.1,,,
1989,11,1,18,25,34.9,JAPAN,,JAPAN,39.837,142.76,0.9,,-0.7,
1990,2,8,7,15,32.2,PHILIPPINES,,PHILIPPINES,9.755,124.694,2.1,,,
1990,2,20,6,53,39.8,JAPAN,,JAPAN,34.706,139.252,0.16,,-1.7,
1990,3,25,13,22,55.6,COSTA RICA,,COSTA RICA,9.919,-84.808,1,,,
1990,4,5,21,12,35.5,USA TERRITORY,MP,"MARIANA TRENCH, N. MARIANA ISLANDS",15.125,147.596,1.8,,-1,
1990,5,,,,,PHILIPPINES,,"CANIGUIN IS.,PHILIPPINES",7,126,5,,,
1990,9,23,21,13,7.4,JAPAN,,"W. OF BONIN ISLANDS, IZU IS., JAPAN",33.267,138.643,0.2,,,
1990,12,13,0,24,25.7,ITALY,,EASTERN SICILY,37.3,15.438,0.1,,,
1990,12,13,19,50,17.8,TAIWAN,,TAIWAN,23.722,121.627,0.04,,,
1991,2,9,16,18,58.3,SOLOMON ISLANDS,,SOLOMON ISLANDS,-9.929,159.139,0.1,,-3.3,
1991,2,16,1,23,40.4,RUSSIA,,N. KURIL ISLANDS,48.268,154.328,0.1,,-3.3,
1991,2,21,2,35,34,USA,AK,"BERING SEA, AK",58.427,-175.45,0.15,,-1.7,
1991,4,22,21,56,51.8,COSTA RICA,,"LIMON, PANDORA",9.685,-83.073,3,,1,
1991,5,7,,,,GREECE,,EAST AEGEAN SEA,37.133,26.833,0.5,,-3.3,
1991,10,14,15,58,12.7,SOLOMON ISLANDS,,SOLOMON ISLANDS,-9.094,158.442,0.15,,-3.3,-2.5
1991,12,22,8,43,13.4,RUSSIA,,S. KURIL ISLANDS,45.533,151.021,0.52,,,0.5
1992,1,5,6,0,0,CHINA,,SOUTH CHINA SEA,18,108,0.8,,-0.3,
1992,4,25,18,6,4.2,USA,CA,"CAPE MENDOCINO, N. CALIFORNIA",40.368,-124.316,1.8,,0.8,0.5
1992,5,17,10,15,31.3,PHILIPPINES,,PHILIPPINES,7.191,126.762,6,,,
1992,5,27,5,13,38.8,SOLOMON ISLANDS,,SANTA CRUZ ISLANDS,-11.122,165.239,0.1,,,
1992,7,18,8,36,58.7,JAPAN,,HONSHU ISLAND,39.419,143.33,0.3,,-2.3,-0.5
1992,9,2,0,16,2.8,NICARAGUA,,NICARAGUA,11.727,-87.386,9.9,,3.3,2.8
1992,12,12,5,29,26.3,INDONESIA,,FLORES SEA,-8.48,121.896,26.2,,4.7,2.7
1993,2,7,13,27,42,JAPAN,,HONSHU ISLAND,37.634,137.245,0.5,,-1,-0.5
1993,6,8,13,3,36.4,RUSSIA,,KAMCHATKA,51.218,157.829,0.1,,-1,-0.5
1993,7,12,13,17,11.9,JAPAN,,SEA OF JAPAN,42.851,139.197,32,,5,3.1
1993,8,7,19,42,41.9,JAPAN,,JAPAN,41.985,139.839,0.16,,,
1993,8,8,8,34,24.9,USA TERRITORY,GU,"GUAM, MARIANA ISLANDS",12.982,144.801,2.4,,-1,
1993,11,13,1,18,4.1,RUSSIA,,KAMCHATKA,51.934,158.647,0.05,,-3.3,-3
1994,1,4,,,,USA,ME,"COREA HARBOR, MAINE",44.4,-67.97,1.5,,,
1994,1,17,12,30,55.3,USA,,"WEST COAST, USA",34.213,-118.537,0.1,,-3.3,-3
1994,1,21,2,24,29.9,INDONESIA,,HALMAHERA,1.015,127.733,2,,1,1.5
1994,4,8,1,10,40.8,JAPAN,,HOKKAIDO ISLAND,40.608,143.683,0.11,,-2.3,-1.5
1994,4,28,11,30,,NORWAY,,WESTERN NORWAY,61.267,6.583,4,,,4
1994,5,24,4,0,42.1,TAIWAN,,TAIWAN,23.959,122.448,0.02,,,
1994,6,2,18,17,34,INDONESIA,,SOUTH OF JAVA,-10.477,112.835,13.9,,3.7,2.5
1994,6,3,21,6,59.8,INDONESIA,,SOUTH OF JAVA,-10.362,112.892,3.7,,,
1994,6,5,1,45,2.7,INDONESIA,,SOUTH OF JAVA,-10.341,113.369,3,,,
1994,9,1,15,15,53,USA,CA,N. CALIFORNIA,40.402,-125.68,0.07,,-3.3,-3
1994,9,19,,,,PAPUA NEW GUINEA,,PAPUA NEW GUINEA,-4.238,152.214,1.2,,1.2,
1994,10,4,13,22,55.8,RUSSIA,,S. KURIL ISLANDS,43.773,147.321,10.4,,2.3,2.6
1994,10,8,21,44,7.2,INDONESIA,,HALMAHERA,-1.258,127.98,3,,1.6,1.5
1994,10,9,7,55,39.5,RUSSIA,,S. KURIL ISLANDS,43.905,147.916,0.2,,-3.3,-3
1994,11,4,4,12,,USA,AK,"SKAGWAY, AK",59.5,-135.3,7.62,,3.5,2.5
1994,11,14,19,15,30.6,PHILIPPINES,,PHILIPPINE ISLANDS,13.525,121.067,7.3,,2.9,2.1
1994,12,28,12,19,23,JAPAN,,"TOHUKU, JAPAN",40.525,143.419,0.53,,,
1995,1,16,20,46,52.1,JAPAN,,"KOBE, JAPAN",34.583,135.018,0.34,,-2.3,-2
1995,4,7,22,6,56.8,SAMOA,,SAMOA ISLANDS,-15.199,-173.529,0.09,,-1.7,-1.5
1995,4,21,0,34,46,PHILIPPINES,,SAMAR ISLAND,12.059,125.58,0.2,,-3.3,-2
1995,4,21,5,17,1.3,PHILIPPINES,,SAMAR ISLAND,12.047,125.92,0.2,,-2.3,-2
1995,5,14,11,33,21.1,INDONESIA,,TIMOR SEA,-8.452,125.049,4,,2,1.5
1995,5,16,20,12,44.2,NEW CALEDONIA,,LOYALTY ISLANDS,-23.008,169.9,0.5,,-1.3,-2
1995,5,27,13,3,52.6,RUSSIA,,SAKHALIN ISLAND,52.629,142.827,0.1,,-2.3,-2
1995,6,15,0,15,48.7,GREECE,,GULF OF CORINTH: AIYION,38.401,22.283,1,,-1,3
1995,7,30,5,11,23.6,CHILE,,NORTHERN CHILE,-23.34,-70.294,3,,1.6,1.5
1995,8,16,10,27,28.6,PAPUA NEW GUINEA,,SOLOMON SEA,-5.799,154.178,0.6,,-1,-1.5
1995,9,14,14,4,31.4,MEXICO,,S. MEXICO,16.779,-98.597,0.4,,-1.3,-1
1995,10,9,15,35,53.9,MEXICO,,S. MEXICO,19.055,-104.205,11,,2.3,2.5
1995,10,18,10,37,26.3,JAPAN,,RYUKYU ISLANDS,27.929,130.175,2.59,,0.8,1.5
1995,10,19,2,41,36.1,JAPAN,,RYUKYU ISLANDS,28.094,130.148,1.5,,0.6,0.5
1995,11,1,0,35,32.7,CHILE,,NORTHERN CHILE,-28.906,-71.417,0.1,,-3.3,-3
1995,11,22,4,15,11.9,EGYPT,,EGYPT,28.826,34.799,0.1,,,
1995,12,3,18,1,8.9,RUSSIA,,S. KURIL ISLANDS,44.663,149.3,1.1,,0.1,0.5
1996,1,1,8,5,10.8,INDONESIA,,SULAWESI,0.729,119.931,3.43,,2.3,1.8
1996,1,1,,,,GREECE,,W. CORINTH GULF,38.367,22.083,2,,,2
1996,1,2,15,40,,RUSSIA,,"KARYMSKOYE, KAMCHATKA, RUSSIA",54.05,159.43,30,,,
1996,2,17,5,59,30.5,INDONESIA,,IRIAN JAYA,-0.891,136.952,7.7,,2.9,1.8
1996,2,21,12,51,1.3,PERU,,N. PERU,-9.593,-79.587,5.1,,2.3,1.9
1996,2,25,3,8,15.8,MEXICO,,MEXICO,15.978,-98.07,0.1,,-3.3,-3
1996,4,24,8,0,,SWITZERLAND,,LAKE BRIENZ,46.73,7.97,0.5,,,
1996,6,10,4,3,35.4,USA,AK,"ANDREANOF ISLANDS, AK",51.564,-177.632,0.51,,,0.5
1996,6,10,15,24,56,USA,AK,"ANDREANOF ISLANDS, AK",51.478,-176.847,0.18,,-3.3,-1.5
1996,9,4,18,16,1.9,JAPAN,,HONSHU ISLAND,31.555,139.931,0.3,,-2.3,-2
1996,9,5,8,14,14.4,CHILE,,EASTER ISLAND REGION,-22.118,-113.436,0.09,,-3.3,-2.5
1996,10,18,10,50,20.8,JAPAN,,KYUSHU ISLAND,30.568,131.093,0.2,,-2.3,-2.5
1996,10,19,14,44,40.7,JAPAN,,KYUSHU ISLAND,31.885,131.468,0.55,,0.1,0.5
1996,11,12,16,59,44,PERU,,S. PERU,-14.993,-75.675,0.4,,-1.7,-1
1996,12,2,22,17,59.2,JAPAN,,SEA OF JAPAN,31.789,131.314,0.2,,-2.3,-2
1997,4,10,,,,HONDURAS,,GULF OF FONSECA,13.1,-87.6,15,,,
1997,4,21,12,2,26.4,SOLOMON ISLANDS,,SANTA CRUZ IS. VANUATU,-12.584,166.676,3,,-2.3,-2
1997,9,30,6,27,24.7,JAPAN,,S. OF HONSHU ISLAND,31.959,141.878,0.03,,,
1997,10,14,9,53,18.1,TONGA,,TONGA ISLANDS,-22.1,-176.77,0.1,,,
1997,12,5,11,26,54.6,RUSSIA,,KAMCHATKA,54.841,162.035,8,,0.6,0.5
1997,12,14,3,30,,RUSSIA,,KAMCHATKA,54.841,162.035,8,,3,2
1997,12,26,8,,,MONTSERRAT,,WHITE RIVER VALLEY,16.72,-62.18,3,,,
1998,3,19,18,30,,NORWAY,,WESTERN NORWAY,61.183,5.267,6,,,4
1998,3,25,3,12,25,ANTARCTICA,,BALLENY ISLANDS,-62.877,149.527,0.01,,,
1998,5,3,23,30,21.9,TAIWAN,,TAIWAN:  SOUTHEAST OF,22.306,125.308,0.13,,,
1998,7,17,8,49,16.1,PAPUA NEW GUINEA,,PAPUA NEW GUINEA,-2.943,142.582,15.03,,,
1998,11,29,14,10,31.9,INDONESIA,,"TALIABU ISLAND,",-2.071,124.891,2.75,,,
1999,1,20,,,,MONTSERRAT,,SOUFRIERE HILLS VOLCANO,16.722,-62.18,2,,,
1999,8,17,0,1,39.1,TURKEY,,"KOCAELI, TURKEY",40.76,29.97,2.52,,,
1999,9,13,,,,FRENCH POLYNESIA,,FATU HIVA,-10.52,-138.67,8,,,
1999,11,26,13,21,15.5,VANUATU,,VANUATU ISLANDS,-16.423,168.214,6.6,,,
2000,1,26,,,,PHILIPPINES,,"TAWI-TAWI, PHILIPPINES",5.1,120.15,20,,,
2000,4,5,4,36,59.8,GREECE,,CRETE,34.22,25.69,0.5,,,
2000,5,4,4,21,16.2,INDONESIA,,SULAWESI,-1.105,123.573,6,,,
2000,6,18,14,44,13.3,AUSTRALIA,,SOUTH INDIAN OCEAN,-13.802,97.453,0.3,,,
2000,7,1,7,1,55.5,JAPAN,,"KOZU-SHIMA ISLAND, HONSHU",34.221,139.131,0.07,,,
2000,7,15,1,30,30.5,JAPAN,,HONSHU: S COAST,34.319,139.26,0.07,,,
2000,7,30,12,25,45.5,JAPAN,,HONSHU: S COAST,33.901,139.376,0.14,,,
2000,11,4,19,30,0,USA,CA,"POINT ARGUELLO, S. CALIFORNIA",34.5,-120.65,4.6,,,
2000,11,16,4,54,56.7,PAPUA NEW GUINEA,,BISMARCK SEA,-3.98,152.169,3,,,
2000,11,21,18,4,50,GREENLAND,,PAATUUT (WEST GREENLAND),70.25,-52.75,50,,,
2001,1,13,17,33,32.3,EL SALVADOR,,EL SALVADOR,13.049,-88.66,0.25,,,
2001,6,23,20,33,14.1,PERU,,S. PERU,-16.265,-73.641,8.8,,,
2001,12,18,4,2,58.2,TAIWAN,,TAIWAN,23.954,122.734,0.12,,,
2002,1,2,17,22,48.7,VANUATU,,VANUATU ISLANDS,-17.6,167.856,3,,-4.64,-4.14
2002,3,5,21,16,9.1,PHILIPPINES,,"MINDANAO ISLAND, PHILIPPINES",6.033,124.249,3,,,
2002,3,26,3,45,48.7,JAPAN,,JAPAN,23.346,124.09,0.05,,,
2002,3,31,6,52,50.4,TAIWAN,,TAIWAN,24.279,122.179,0.2,,,
2002,9,8,18,44,23.7,PAPUA NEW GUINEA,,BISMARCK SEA,-3.302,142.945,5.5,,0.58,1.08
2002,10,10,10,50,20.5,INDONESIA,,IRIAN JAYA,-1.757,134.297,5,,2.32,2.82
2002,12,30,13,15,,ITALY,,STROMBOLI ISLAND,38.789,15.213,10.9,,,5
2003,1,20,8,43,6,SOLOMON ISLANDS,,SOLOMON ISLANDS,-10.491,160.77,2,,,
2003,1,22,2,6,34.6,MEXICO,,S. MEXICO,18.77,-104.104,0.61,,,0.5
2003,5,21,18,44,20.1,ALGERIA,,N. ALGERIA,36.964,3.634,3,,1,1.5
2003,5,27,17,11,28.8,ALGERIA,,ALGIERS,36.939,3.578,0.08,,,
2003,7,12,,,,MONTSERRAT,,SOUFRIERE HILLS VOLCANO,16.722,-62.18,4,,,
2003,8,21,12,12,49.7,NEW ZEALAND,,SOUTH ISLAND,-45.104,167.144,0.15,,,
2003,9,25,19,50,6.3,JAPAN,,HOKKAIDO ISLAND,41.815,143.91,4.4,,,
2003,10,31,1,6,28.2,JAPAN,,E. HONSHU ISLAND,37.812,142.619,0.32,,,
2003,11,17,6,43,6.8,USA,AK,"RAT ISLANDS, ALEUTIAN ISLANDS, AK",51.146,178.65,0.33,,,
2003,12,27,4,55,25.4,NEW CALEDONIA,,LOYALTY ISLANDS,-22.107,169.35,0.15,,,
2004,2,11,8,15,3.8,JORDAN,,DEAD SEA,31.675,35.551,1,,,
2004,9,5,10,7,7.8,JAPAN,,SOUTH COAST HONSHU ISLAND,33.07,136.618,0.63,,,
2004,9,5,14,57,18.6,JAPAN,,SOUTH COAST HONSHU ISLAND,33.184,137.071,0.93,,,
2004,11,2,10,2,12.8,CANADA,BC,VANCOUVER ISLAND,49.277,-128.772,0.11,,,
2004,11,21,11,41,7.7,GUADELOUPE (FRENCH TERRITORY),,"BASSE-TERRE, LES SAINTES",15.679,-61.706,0.7,,,
2004,11,28,18,32,14.1,JAPAN,,HOKKAIDO ISLAND,43.006,145.119,0.12,,,
2004,12,23,14,59,4.4,AUSTRALIA,,MACQUARIE ISLAND,-49.312,161.345,0.3,,,
2004,12,26,0,58,53.4,INDONESIA,,OFF W. COAST OF SUMATRA,3.316,95.854,50.9,,,
2005,1,19,6,11,36.4,JAPAN,,E. HONSHU ISLAND,34.064,141.491,0.39,,,
2005,3,28,16,9,36.5,INDONESIA,,INDONESIA,2.085,97.108,4.2,,,
2005,4,10,10,29,11.2,INDONESIA,,KEPULAUAN MENTAWAI,-1.644,99.607,0.4,,,
2005,6,15,2,50,53.1,USA,CA,N. CALIFORNIA,41.301,-125.97,0.1,,,
2005,8,16,2,46,28.4,JAPAN,,E. COAST HONSHU ISLAND,38.276,142.039,0.05,,,
2005,11,14,21,38,51.4,JAPAN,,E. COAST HONSHU ISLAND,38.107,144.896,0.42,,,
2006,3,14,6,57,33.8,INDONESIA,,SERAM ISLAND,-3.595,127.214,3.5,,,
2006,5,3,15,26,40.2,TONGA,,TONGA,-20.187,-174.123,0.27,,,
2006,5,20,11,20,,MONTSERRAT,,SOUFRIERE HILLS VOLCANO,16.722,-62.18,1,,,
2006,7,17,8,19,28.7,INDONESIA,,SOUTH OF JAVA,-9.254,107.411,20.9,,,
2006,9,28,6,22,9.7,SAMOA,,SAMOA ISLANDS,-16.592,-172.033,0.08,,,
2006,10,15,17,7,49.2,USA,HI,HAWAII,19.878,-155.935,0.1,,,
2006,11,15,11,14,13.5,RUSSIA,,S. KURIL ISLANDS,46.592,153.266,21.9,,,
2006,12,26,12,26,21.4,CHINA,,TAIWAN,21.799,120.547,0.07,,,
2007,1,13,4,23,21.1,RUSSIA,,S. KURIL ISLANDS,46.243,154.524,0.4,,,
2007,3,25,0,40,1.6,VANUATU,,VANUATU ISLANDS,-20.617,169.357,0.08,,,
2007,3,25,0,41,57.8,JAPAN,,HONSHU: W COAST,37.336,136.588,0.1,,,
2007,4,1,20,39,56.3,SOLOMON ISLANDS,,SOLOMON ISLANDS,-8.46,157.044,12.1,,,
2007,4,21,17,53,46.3,CHILE,,SOUTHERN CHILE,-45.285,-72.606,7.6,,,
2007,5,7,,,,BULGARIA,,BLACK SEA,43,29,3,,,
2007,8,2,2,37,42.3,RUSSIA,,TATAR STRAIT,47.116,141.798,0.19,,,
2007,8,2,3,21,42.8,USA,AK,"ALEUTIAN ISLANDS, AK",51.307,-179.971,0.03,,,
2007,8,15,23,40,57.8,PERU,,S. PERU,-13.386,-76.603,10.05,,,
2007,9,2,1,5,18.1,SOLOMON ISLANDS,,SANTA CRUZ ISLANDS,-11.61,165.762,0.05,,,
2007,9,12,11,10,26.8,INDONESIA,,SUMATRA,-4.438,101.367,5,,,
2007,9,30,5,23,34,NEW ZEALAND,,AUCKLAND ISLANDS,-49.418,163.954,0.25,,,
2007,11,14,15,40,50.5,CHILE,,NORTHERN CHILE,-22.247,-69.89,0.28,,,
2007,12,3,,,,CANADA,BC,"CHEHALIS LAKE, CHILLIWACK",49.475,-121.847,2,,,
2007,12,9,7,28,20.8,KERMADEC ISLANDS,,KERMADEC ISLANDS,-25.996,-177.514,0.03,,,
2008,2,25,8,36,33,INDONESIA,,SUMATRA,-2.486,99.972,0.12,,,
2008,4,9,12,46,12.7,NEW CALEDONIA,,LOYALTY ISLANDS,-20.071,168.892,0.16,,,
2008,4,28,18,33,34.2,VANUATU,,VANUATU ISLANDS,-19.941,168.953,0.03,,,
2008,7,19,2,39,28.7,JAPAN,,OFF EAST COAST OF HONSHU ISLAND,37.552,142.214,0.2,,,
2008,8,8,,,,USA,AK,"KASATOCHI VOLCANO, ALEUTIAN IS, AK",52.18,-175.5,0.19,,,
2008,9,11,0,20,50.9,JAPAN,,HOKKAIDO ISLAND,41.892,143.754,0.09,,,
2008,10,28,,,,USA,,MAINE,43.8,-69.7,2,,,
2008,11,16,17,2,32.7,INDONESIA,,SULAWESI,1.271,122.091,0.13,,,
2009,1,3,19,43,50.6,INDONESIA,,NEAR NORTH COAST,-0.414,132.885,0.39,,,
2009,1,15,17,49,39,RUSSIA,,KAMCHATKA,46.857,155.154,0.11,,,
2009,2,11,17,34,50.8,INDONESIA,,CELEBES SEA,3.884,126.397,0.13,,,
2009,3,19,18,17,40.9,TONGA,,TONGA,-23.046,-174.659,0.15,,,
2009,5,28,8,24,45,HONDURAS,,OFF COAST,16.72,-86.236,4,,,
2009,7,15,9,22,29,NEW ZEALAND,,OFF WEST COAST OF SOUTH ISLAND,-45.762,166.562,0.47,,,
2009,8,10,19,55,35.6,INDIA,,ANDAMAN ISLANDS,14.099,92.888,0.01,,,
2009,8,10,20,7,9.1,JAPAN,,HONSHU: S COAST,34.743,138.264,0.6,,,
2009,8,16,7,38,21.7,INDONESIA,,SUMATRA,-1.479,99.49,0.18,,,
2009,9,29,17,48,10.9,SAMOA,,SAMOA ISLANDS,-15.489,-172.095,22.35,,,
2009,9,30,10,16,9.2,INDONESIA,,SUMATRA,-0.72,99.867,0.27,,,
2009,10,7,22,3,14.4,VANUATU,,VANUATU ISLANDS,-13.006,166.51,0.31,,,
2010,1,3,21,48,5.3,SOLOMON ISLANDS,,SOLOMON ISLANDS,-8.743,157.477,0.01,,,
2010,1,3,22,36,27.9,SOLOMON ISLANDS,,SOLOMON ISLANDS,-8.799,157.346,3,,,
2010,1,5,12,15,32.2,SOLOMON ISLANDS,,SOLOMON ISLANDS,-9.019,157.551,0.03,,,
2010,1,12,21,53,10,HAITI,,HAITI & DOMINICAN REPUBLIC,18.457,-72.533,3,,,
2010,2,26,20,31,26.9,JAPAN,,RYUKYU ISLANDS,25.93,128.425,0.1,,,
2010,2,27,6,34,11.5,CHILE,,CENTRAL CHILE,-36.122,-72.898,29,,,
2010,3,11,14,39,43.9,CHILE,,CENTRAL CHILE,-34.29,-71.891,0.14,,,
2010,4,6,22,15,1.5,INDONESIA,,SUMATRA,2.383,97.048,0.44,,,
2010,4,13,,,,PERU,,"513 LAKE, HUALCAN GLACIER",-9.282,-77.645,23,,,
2010,5,29,11,46,50,USA TERRITORY,MP,"SOUTH OF SARIGAN IS, N. MARIANA IS",16.708,145.97,0.04,,,
2010,6,12,19,26,50.4,INDIA,,LITTLE NICOBAR ISLAND,7.881,91.936,0.03,,,
2010,8,10,5,23,44.9,VANUATU,,VANUATU ISLANDS,-17.541,168.069,0.23,,,
2010,8,13,21,19,33,USA TERRITORY,GU,"GUAM, MARIANA ISLANDS",12.484,141.476,0.07,,,
2010,10,25,14,42,22,INDONESIA,,SUMATRA,-3.487,100.082,16.9,,,
2010,12,21,17,19,40.6,JAPAN,,BONIN ISLANDS,26.901,143.698,0.13,,,
2010,12,25,13,16,37,VANUATU,,VANUATU ISLANDS,-19.702,167.947,0.15,,,
2011,1,9,10,3,44.2,VANUATU,,VANUATU ISLANDS,-19.157,168.311,0.03,,,
2011,2,11,20,5,30.7,CHILE,,CENTRAL CHILE,-36.474,-73.125,0.15,,,
2011,3,9,2,45,20.3,JAPAN,,HONSHU ISLAND,38.435,142.842,0.6,,,
2011,3,11,5,46,24.1,JAPAN,,HONSHU ISLAND,38.297,142.372,38.9,,,
2011,4,7,14,32,43.2,JAPAN,,E. COAST HONSHU ISLAND,38.276,141.588,0.08,,,
2011,6,24,3,9,39.4,USA,AK,"ATKA, ALEUTIAN ISLANDS, AK",52.05,-171.836,0.1,,,
2011,6,27,,,,UK,,"PLYMOUTH, ENGLAND",50.5,-3,0.4,,,
2011,7,6,19,3,18.2,NEW ZEALAND,,KERMADEC ISLANDS,-29.539,-176.34,1.2,,,
2011,7,10,0,57,10.8,JAPAN,,OFF EAST COAST OF HONSHU ISLAND,38.034,143.264,0.09,,,
2011,8,20,16,55,2.5,VANUATU,,VANUATU ISLANDS,-18.365,168.143,0.18,,,
2011,8,20,18,19,23.5,VANUATU,,VANUATU ISLANDS,-18.311,168.218,0.18,,,
2011,9,2,10,55,53.5,USA,AK,"FOX ISLANDS, ALEUTIAN ISLANDS, AK",52.171,-171.708,0.06,,,
2011,10,21,17,57,16.1,NEW ZEALAND,,KERMADEC ISLANDS,-28.993,-176.238,0.14,,,
2012,2,2,13,34,40.6,VANUATU,,VANUATU ISLANDS,-17.827,167.133,0.08,,,
2012,3,14,9,8,35.1,JAPAN,,HOKKAIDO ISLAND,40.887,144.944,0.2,,,
2012,3,20,18,2,47.4,MEXICO,,S. MEXICO,16.493,-98.231,0.2,,,
2012,8,27,4,37,19.4,EL SALVADOR,,OFF THE COAST,12.139,-88.59,0.36,,,
2012,8,31,12,47,33.3,PHILIPPINES,,PHILIPPINE ISLANDS,10.811,126.638,0.15,,,
2012,9,5,14,42,7.8,COSTA RICA,,COSTA RICA,10.085,-85.315,0.16,,,
2012,10,28,3,4,8.8,CANADA,BC,BRITISH COLUMBIA,52.788,-132.101,12.98,,,
2012,11,7,16,35,46.9,GUATEMALA,,GUATEMALA,13.988,-91.895,0.35,,,
2012,12,7,8,18,23.1,JAPAN,,OFF EAST COAST OF HONSHU ISLAND,37.89,143.949,1,,,
2013,1,5,8,58,19.3,USA,AK,"SE. ALASKA, AK",55.393,-134.652,1.5,,,
2013,2,6,1,12,25.8,SOLOMON ISLANDS,,SANTA CRUZ ISLANDS,-10.766,165.114,11,,,
2013,4,19,3,5,52.6,RUSSIA,,S. KURIL ISLANDS,46.221,150.788,0.2,,,
2013,7,21,5,9,31.4,NEW ZEALAND,,COOK STRAIT,-41.704,174.337,0.07,,,
2013,9,24,,,,PAKISTAN,,OFF COAST GWADAR,25.18,62.26,0.26,,,
2013,10,25,17,10,18,JAPAN,,E. COAST HONSHU ISLAND,37.149,144.679,0.4,,,
2013,11,17,9,4,55,ANTARCTICA,,SCOTIA SEA,-60.296,-46.362,0.15,,,
2014,4,1,23,46,46,CHILE,,NORTHERN CHILE,-19.642,-70.817,4.4,,,
2014,6,23,19,19,16,NEW ZEALAND,,"S OF RAOUL ISLAND, KERMADEC ISLANDS",-30.118,-177.67,0.13,,,
2014,6,23,20,53,10,USA,AK,"ALEUTIAN ISLANDS, AK",51.797,178.76,0.17,,,
2014,7,11,19,21,59,JAPAN,,SANRIKU,37.04,142.425,0.2,,,
2014,7,25,10,54,49,USA,AK,"PALMA BAY, AK",58.358,-137.13,0.08,,,
2014,11,15,2,31,40,INDONESIA,,N. MOLUCCAS ISLANDS,1.928,126.54,0.09,,,
2015,5,2,16,50,46,JAPAN,,S. OF HONSHU ISLAND,31.594,140.167,0.5,,,
2015,11,13,20,51,30,JAPAN,,JAPAN,30.991,128.877,0.3,,,